DATETIME,VALUE
08/01/2016 07:18:00,24.44
08/01/2016 08:18:00,23.89
08/01/2016 09:18:00,25
08/01/2016 10:18:00,27.22
08/01/2016 11:18:00,29.44
08/01/2016 12:18:00,31.11
08/01/2016 13:18:00,32.78
08/01/2016 14:18:00,33.89
08/01/2016 15:18:00,34.44
08/01/2016 16:18:00,35
08/01/2016 17:18:00,35.56
08/01/2016 18:18:00,35.56
08/01/2016 19:18:00,35.56
08/01/2016 20:18:00,34.44
08/01/2016 21:18:00,32.22
08/01/2016 22:18:00,30.56
08/01/2016 23:18:00,29.44
08/02/2016 00:18:00,28.33
08/02/2016 01:18:00,27.22
08/02/2016 02:18:00,26.11
08/02/2016 03:18:00,25
08/02/2016 04:18:00,24.44
08/02/2016 05:18:00,23.89
08/02/2016 06:18:00,23.33
08/02/2016 07:18:00,23.33
08/02/2016 08:18:00,23.33
08/02/2016 09:18:00,26.11
08/02/2016 10:18:00,27.22
08/02/2016 11:18:00,29.44
08/02/2016 12:18:00,31.11
08/02/2016 13:18:00,32.22
08/02/2016 14:18:00,33.33
08/02/2016 15:18:00,33.89
08/02/2016 16:18:00,35
08/02/2016 17:18:00,35.56
08/02/2016 18:18:00,36.11
08/02/2016 19:18:00,35.56
08/02/2016 20:18:00,35
08/02/2016 21:18:00,32.78
08/02/2016 22:18:00,31.11
08/02/2016 23:18:00,30.56
08/03/2016 00:18:00,29.44
08/03/2016 01:18:00,28.33
08/03/2016 02:18:00,27.22
08/03/2016 03:18:00,26.11
08/03/2016 04:18:00,25.56
08/03/2016 05:18:00,25
08/03/2016 06:18:00,24.44
08/03/2016 07:18:00,24.44
08/03/2016 08:18:00,24.44
08/03/2016 09:18:00,26.67
08/03/2016 10:18:00,28.33
08/03/2016 11:18:00,30
08/03/2016 12:18:00,31.67
08/03/2016 13:18:00,32.78
08/03/2016 14:18:00,33.33
08/03/2016 15:18:00,34.44
08/03/2016 16:18:00,35
08/03/2016 17:18:00,36.11
08/03/2016 18:18:00,36.11
08/03/2016 19:18:00,36.11
08/03/2016 20:18:00,35
08/03/2016 21:18:00,32.78
08/03/2016 22:18:00,31.11
08/03/2016 23:18:00,30.56
08/04/2016 00:18:00,29.44
08/04/2016 01:18:00,28.33
08/04/2016 02:18:00,27.22
08/04/2016 03:18:00,26.67
08/04/2016 04:18:00,25.56
08/04/2016 05:18:00,25.56
08/04/2016 06:18:00,24.44
08/04/2016 07:18:00,24.44
08/04/2016 08:18:00,24.44
08/04/2016 09:18:00,26.67
08/04/2016 10:18:00,28.33
08/04/2016 11:18:00,30.56
08/04/2016 12:18:00,30.56
08/04/2016 13:18:00,32.78
08/04/2016 14:18:00,33.89
08/04/2016 15:18:00,34.44
08/04/2016 16:18:00,35
08/04/2016 17:18:00,35
08/04/2016 18:18:00,36.11
08/04/2016 19:18:00,35.56
08/04/2016 20:18:00,35
08/04/2016 21:18:00,32.78
08/04/2016 22:18:00,31.67
08/04/2016 23:18:00,30.56
08/05/2016 00:18:00,29.44
08/05/2016 01:18:00,28.33
08/05/2016 02:18:00,27.22
08/05/2016 03:18:00,26.11
08/05/2016 04:18:00,25.56
08/05/2016 05:18:00,25.56
08/05/2016 06:18:00,25
08/05/2016 07:18:00,25
08/05/2016 08:18:00,25
08/05/2016 09:18:00,26.67
08/05/2016 10:18:00,28.89
08/05/2016 11:18:00,30.56
08/05/2016 12:18:00,31.67
08/05/2016 13:18:00,32.78
08/05/2016 14:18:00,33.33
08/05/2016 15:18:00,35
08/05/2016 16:18:00,36.11
08/05/2016 17:18:00,36.11
08/05/2016 18:18:00,36.11
08/05/2016 19:18:00,36.67
08/05/2016 20:18:00,35.56
08/05/2016 21:18:00,32.22
08/05/2016 22:18:00,31.11
08/05/2016 23:18:00,30
08/06/2016 00:18:00,29.44
08/06/2016 01:18:00,28.89
08/06/2016 02:18:00,27.78
08/06/2016 03:18:00,26.67
08/06/2016 04:18:00,26.11
08/06/2016 05:18:00,25.56
08/06/2016 06:18:00,25
08/06/2016 07:18:00,24.44
08/06/2016 08:18:00,24.44
08/06/2016 09:18:00,26.11
08/06/2016 10:18:00,27.78
08/06/2016 11:18:00,30
08/06/2016 12:18:00,32.22
08/06/2016 13:18:00,33.33
08/06/2016 14:18:00,33.89
08/06/2016 15:18:00,35
08/06/2016 16:18:00,35.56
08/06/2016 17:18:00,36.11
08/06/2016 18:18:00,36.67
08/06/2016 19:18:00,36.11
08/06/2016 20:18:00,36.11
08/06/2016 21:18:00,33.33
08/06/2016 22:18:00,32.22
08/06/2016 23:18:00,30.56
08/07/2016 00:18:00,29.44
08/07/2016 01:18:00,28.33
08/07/2016 02:18:00,27.78
08/07/2016 03:18:00,26.67
08/07/2016 04:18:00,26.11
08/07/2016 05:18:00,26.11
08/07/2016 06:18:00,25.56
08/07/2016 07:18:00,25
08/07/2016 08:18:00,25
08/07/2016 09:18:00,27.22
08/07/2016 10:18:00,28.89
08/07/2016 11:18:00,31.11
08/07/2016 12:18:00,31.67
08/07/2016 13:18:00,33.33
08/07/2016 14:18:00,34.44
08/07/2016 15:18:00,35.56
08/07/2016 16:18:00,36.11
08/07/2016 17:18:00,36.67
08/07/2016 18:18:00,36.67
08/07/2016 19:18:00,36.67
08/07/2016 20:18:00,35.56
08/07/2016 21:18:00,33.89
08/07/2016 22:18:00,32.22
08/07/2016 23:18:00,30.56
08/08/2016 00:18:00,30
08/08/2016 01:18:00,28.89
08/08/2016 02:18:00,28.33
08/08/2016 03:18:00,27.22
08/08/2016 04:18:00,26.11
08/08/2016 05:18:00,25.56
08/08/2016 06:18:00,25.56
08/08/2016 07:18:00,25
08/08/2016 08:18:00,25
08/08/2016 09:18:00,27.22
08/08/2016 10:18:00,27.78
08/08/2016 11:18:00,30
08/08/2016 12:18:00,32.22
08/08/2016 13:18:00,33.33
08/08/2016 14:18:00,34.44
08/08/2016 15:18:00,35
08/08/2016 16:18:00,36.11
08/08/2016 17:18:00,36.67
08/08/2016 18:18:00,36.67
08/08/2016 19:18:00,36.67
08/08/2016 20:18:00,35.56
08/08/2016 21:18:00,33.33
08/08/2016 22:18:00,32.22
08/08/2016 23:18:00,30.56
08/09/2016 00:18:00,29.44
08/09/2016 01:18:00,28.89
08/09/2016 02:18:00,27.78
08/09/2016 03:18:00,27.22
08/09/2016 04:18:00,26.67
08/09/2016 05:18:00,26.11
08/09/2016 06:18:00,26.11
08/09/2016 07:18:00,25.56
08/09/2016 08:18:00,25.56
08/09/2016 09:18:00,27.22
08/09/2016 10:18:00,28.89
08/09/2016 11:18:00,30
08/09/2016 12:18:00,32.22
08/09/2016 13:18:00,33.33
08/09/2016 14:18:00,34.44
08/09/2016 15:18:00,36.11
08/09/2016 16:18:00,36.67
08/09/2016 17:18:00,37.22
08/09/2016 18:18:00,37.22
08/09/2016 19:18:00,36.67
08/09/2016 20:18:00,36.11
08/09/2016 21:18:00,33.89
08/09/2016 22:18:00,32.78
08/09/2016 23:18:00,31.67
08/10/2016 00:18:00,30.56
08/10/2016 01:18:00,29.44
08/10/2016 02:18:00,28.33
08/10/2016 03:18:00,27.78
08/10/2016 04:18:00,27.22
08/10/2016 05:18:00,27.22
08/10/2016 06:18:00,27.22
08/10/2016 07:18:00,26.67
08/10/2016 08:18:00,26.67
08/10/2016 09:18:00,27.78
08/10/2016 10:18:00,29.44
08/10/2016 11:18:00,30.56
08/10/2016 12:18:00,32.22
08/10/2016 13:18:00,33.33
08/10/2016 14:18:00,35
08/10/2016 15:18:00,35.56
08/10/2016 16:18:00,36.67
08/10/2016 17:18:00,37.22
08/10/2016 18:18:00,37.22
08/10/2016 19:18:00,37.22
08/10/2016 20:18:00,35.56
08/10/2016 21:18:00,33.89
08/10/2016 22:18:00,32.78
08/10/2016 23:18:00,31.11
08/11/2016 00:18:00,30
08/11/2016 01:18:00,29.44
08/11/2016 02:18:00,28.33
08/11/2016 03:18:00,27.22
08/11/2016 04:18:00,27.22
08/11/2016 05:18:00,26.67
08/11/2016 06:18:00,26.11
08/11/2016 07:18:00,25.56
08/11/2016 08:18:00,25.56
08/11/2016 09:18:00,27.22
08/11/2016 10:18:00,30
08/11/2016 11:18:00,30
08/11/2016 12:18:00,33.33
08/11/2016 13:18:00,33.89
08/11/2016 14:18:00,35
08/11/2016 15:18:00,36.11
08/11/2016 16:18:00,37.22
08/11/2016 17:18:00,37.22
08/11/2016 18:18:00,37.78
08/11/2016 19:18:00,37.78
08/11/2016 20:18:00,37.22
08/11/2016 21:18:00,34.44
08/11/2016 22:18:00,33.33
08/11/2016 23:18:00,31.67
08/12/2016 00:18:00,30.56
08/12/2016 01:18:00,29.44
08/12/2016 02:18:00,28.33
08/12/2016 03:18:00,27.22
08/12/2016 04:18:00,26.67
08/12/2016 05:18:00,26.11
08/12/2016 06:18:00,25.56
08/12/2016 07:18:00,25.56
08/12/2016 08:18:00,25.56
08/12/2016 09:18:00,26.11
08/12/2016 10:18:00,27.78
08/12/2016 11:18:00,29.44
08/12/2016 12:18:00,31.67
08/12/2016 13:18:00,33.33
08/12/2016 14:18:00,35
08/12/2016 15:18:00,36.11
08/12/2016 16:18:00,38.33
08/12/2016 17:18:00,38.33
08/12/2016 18:18:00,38.89
08/12/2016 19:18:00,38.89
08/12/2016 20:18:00,37.22
08/12/2016 21:18:00,34.44
08/12/2016 22:18:00,30.56
08/12/2016 23:18:00,30.56
08/13/2016 00:18:00,29.44
08/13/2016 01:18:00,28.89
08/13/2016 02:18:00,28.33
08/13/2016 03:18:00,27.22
08/13/2016 04:18:00,26.11
08/13/2016 05:18:00,25.56
08/13/2016 06:18:00,26.67
08/13/2016 07:18:00,26.67
08/13/2016 08:18:00,26.11
08/13/2016 09:18:00,26.11
08/13/2016 10:18:00,26.67
08/13/2016 11:18:00,28.33
08/13/2016 12:18:00,30
08/13/2016 13:18:00,32.78
08/13/2016 14:18:00,32.22
08/13/2016 15:18:00,32.22
08/13/2016 16:18:00,32.78
08/13/2016 17:18:00,33.89
08/13/2016 18:18:00,29.44
08/13/2016 19:18:00,25.56
08/13/2016 20:18:00,25
08/13/2016 21:18:00,25
08/13/2016 22:18:00,25
08/13/2016 23:18:00,25
08/14/2016 00:18:00,25.56
08/14/2016 01:18:00,25
08/14/2016 02:18:00,24.44
08/14/2016 03:18:00,24.44
08/14/2016 04:18:00,24.44
08/14/2016 05:18:00,25
08/14/2016 06:18:00,24.44
08/14/2016 07:18:00,24.44
08/14/2016 08:18:00,24.44
08/14/2016 09:18:00,25
08/14/2016 10:18:00,25
08/14/2016 11:18:00,27.22
08/14/2016 12:18:00,27.22
08/14/2016 13:18:00,29.44
08/14/2016 14:18:00,23.89
08/14/2016 15:18:00,24.44
08/14/2016 16:18:00,23.89
08/14/2016 17:18:00,25
08/14/2016 18:18:00,25
08/14/2016 19:18:00,25
08/14/2016 20:18:00,25
08/14/2016 21:18:00,23.33
08/14/2016 22:18:00,22.22
08/14/2016 23:18:00,21.67
08/15/2016 00:18:00,22.22
08/15/2016 01:18:00,22.22
08/15/2016 02:18:00,22.78
08/15/2016 03:18:00,22.78
08/15/2016 04:18:00,22.22
08/15/2016 05:18:00,22.22
08/15/2016 06:18:00,21.67
08/15/2016 07:18:00,22.22
08/15/2016 08:18:00,21.67
08/15/2016 09:18:00,22.22
08/15/2016 10:18:00,22.22
08/15/2016 11:18:00,22.78
08/15/2016 12:18:00,23.33
08/15/2016 13:18:00,23.33
08/15/2016 14:18:00,23.89
08/15/2016 15:18:00,23.89
08/15/2016 16:18:00,24.44
08/15/2016 17:18:00,25.56
08/15/2016 18:18:00,25.56
08/15/2016 19:18:00,25
08/15/2016 20:18:00,24.44
08/15/2016 21:18:00,24.44
08/15/2016 22:18:00,23.89
08/15/2016 23:18:00,23.89
08/16/2016 00:18:00,23.33
08/16/2016 01:18:00,22.22
08/16/2016 02:18:00,22.22
08/16/2016 03:18:00,22.22
08/16/2016 04:18:00,23.33
08/16/2016 05:18:00,23.89
08/16/2016 06:18:00,23.89
08/16/2016 07:18:00,24.44
08/16/2016 08:18:00,24.44
08/16/2016 09:18:00,24.44
08/16/2016 10:18:00,25
08/16/2016 11:18:00,23.89
08/16/2016 12:18:00,24.44
08/16/2016 13:18:00,26.11
08/16/2016 14:18:00,28.33
08/16/2016 15:18:00,23.89
08/16/2016 16:18:00,23.89
08/16/2016 17:18:00,23.89
08/16/2016 18:18:00,23.33
08/16/2016 19:18:00,23.33
08/16/2016 20:18:00,23.33
08/16/2016 21:18:00,23.33
08/16/2016 22:18:00,23.33
08/16/2016 23:18:00,23.33
08/17/2016 00:18:00,23.89
08/17/2016 01:18:00,23.89
08/17/2016 02:18:00,24.44
08/17/2016 03:18:00,24.44
08/17/2016 04:18:00,24.44
08/17/2016 05:18:00,24.44
08/17/2016 06:18:00,24.44
08/17/2016 07:18:00,24.44
08/17/2016 08:18:00,24.44
08/17/2016 09:18:00,25
08/17/2016 10:18:00,25.56
08/17/2016 11:18:00,27.22
08/17/2016 12:18:00,27.78
08/17/2016 13:18:00,23.89
08/17/2016 14:18:00,26.11
08/17/2016 15:18:00,28.33
08/17/2016 16:18:00,26.11
08/17/2016 17:18:00,27.22
08/17/2016 18:18:00,27.22
08/17/2016 19:18:00,26.67
08/17/2016 20:18:00,26.11
08/17/2016 21:18:00,25
08/17/2016 22:18:00,24.44
08/17/2016 23:18:00,24.44
08/18/2016 00:18:00,23.89
08/18/2016 01:18:00,23.89
08/18/2016 02:18:00,23.33
08/18/2016 03:18:00,23.89
08/18/2016 04:18:00,23.33
08/18/2016 05:18:00,23.89
08/18/2016 06:18:00,23.89
08/18/2016 07:18:00,23.89
08/18/2016 08:18:00,23.89
08/18/2016 09:18:00,23.33
08/18/2016 12:18:00,25.56
08/18/2016 13:18:00,27.22
08/18/2016 14:18:00,30
08/18/2016 15:18:00,30.56
08/18/2016 16:18:00,30.56
08/18/2016 17:18:00,29.44
08/18/2016 18:18:00,28.89
08/18/2016 19:18:00,26.67
08/18/2016 20:18:00,26.11
08/18/2016 21:18:00,25.56
08/18/2016 22:18:00,24.44
08/18/2016 23:18:00,23.89
08/19/2016 01:18:00,23.33
08/19/2016 02:18:00,23.33
08/19/2016 03:18:00,23.33
08/19/2016 04:18:00,23.89
08/19/2016 05:18:00,24.44
08/19/2016 06:18:00,25
08/19/2016 07:18:00,25
08/19/2016 08:18:00,25
08/19/2016 09:18:00,25.56
08/19/2016 10:18:00,27.22
08/19/2016 13:18:00,31.67
08/19/2016 14:18:00,32.22
08/19/2016 15:18:00,33.33
08/19/2016 16:18:00,33.33
08/19/2016 17:18:00,33.33
08/19/2016 18:18:00,32.78
08/19/2016 19:18:00,33.33
08/19/2016 20:18:00,31.11
08/19/2016 21:18:00,29.44
08/19/2016 22:18:00,27.22
08/19/2016 23:18:00,26.67
08/20/2016 00:18:00,26.11
08/20/2016 01:18:00,25.56
08/20/2016 02:18:00,25.56
08/20/2016 03:18:00,25.56
08/20/2016 04:18:00,25.56
08/20/2016 05:18:00,26.11
08/20/2016 06:18:00,25.56
08/20/2016 07:18:00,25
08/20/2016 08:18:00,24.44
08/20/2016 09:18:00,26.11
08/20/2016 10:18:00,27.22
08/20/2016 11:18:00,27.22
08/20/2016 12:18:00,28.33
08/20/2016 13:18:00,28.33
08/20/2016 14:18:00,28.89
08/20/2016 15:18:00,28.89
08/20/2016 16:18:00,28.89
08/20/2016 17:18:00,27.22
08/20/2016 18:18:00,22.78
08/20/2016 19:18:00,23.33
08/20/2016 20:18:00,23.89
08/20/2016 21:18:00,23.33
08/20/2016 22:18:00,23.33
08/20/2016 23:18:00,23.33
08/21/2016 00:18:00,23.33
08/21/2016 01:18:00,23.33
08/21/2016 02:18:00,23.33
08/21/2016 03:18:00,22.78
08/21/2016 04:18:00,22.78
08/21/2016 05:18:00,22.78
08/21/2016 06:18:00,22.78
08/21/2016 07:18:00,22.78
08/21/2016 08:18:00,22.78
08/21/2016 09:18:00,23.33
08/21/2016 10:18:00,23.89
08/21/2016 11:18:00,25.56
08/21/2016 12:18:00,25.56
08/21/2016 13:18:00,26.67
08/21/2016 14:18:00,27.78
08/21/2016 15:18:00,27.22
08/21/2016 16:18:00,26.67
08/21/2016 17:18:00,27.22
08/21/2016 18:18:00,27.22
08/21/2016 19:18:00,26.67
08/21/2016 20:18:00,26.67
08/21/2016 21:18:00,25.56
08/21/2016 22:18:00,25
08/21/2016 23:18:00,24.44
08/22/2016 00:18:00,23.89
08/22/2016 01:18:00,24.44
08/22/2016 02:18:00,24.44
08/22/2016 03:18:00,24.44
08/22/2016 04:18:00,23.89
08/22/2016 05:18:00,23.89
08/22/2016 06:18:00,23.89
08/22/2016 07:18:00,23.89
08/22/2016 08:18:00,23.89
08/22/2016 09:18:00,24.44
08/22/2016 10:18:00,24.44
08/22/2016 11:18:00,25
08/22/2016 12:18:00,27.22
08/22/2016 13:18:00,28.33
08/22/2016 14:18:00,30
08/22/2016 15:18:00,31.11
08/22/2016 16:18:00,26.11
08/22/2016 17:18:00,31.67
08/22/2016 18:18:00,32.78
08/22/2016 19:18:00,32.22
08/22/2016 20:18:00,30.56
08/22/2016 21:18:00,28.33
08/22/2016 22:18:00,27.22
08/22/2016 23:18:00,26.67
08/23/2016 00:18:00,26.11
08/23/2016 01:18:00,25.56
08/23/2016 02:18:00,25
08/23/2016 03:18:00,25
08/23/2016 04:18:00,25.56
08/23/2016 05:18:00,25.56
08/23/2016 06:18:00,25.56
08/23/2016 07:18:00,25.56
08/23/2016 08:18:00,26.11
08/23/2016 09:18:00,26.11
08/23/2016 10:18:00,27.22
08/23/2016 11:18:00,28.89
08/23/2016 12:18:00,30.56
08/23/2016 13:18:00,31.67
08/23/2016 14:18:00,32.78
08/23/2016 15:18:00,33.33
08/23/2016 16:18:00,33.89
08/23/2016 17:18:00,33.33
08/23/2016 18:18:00,33.89
08/23/2016 19:18:00,33.33
08/23/2016 20:18:00,31.67
08/23/2016 21:18:00,29.44
08/23/2016 22:18:00,27.78
08/23/2016 23:18:00,27.22
08/24/2016 00:18:00,26.11
08/24/2016 01:18:00,25
08/24/2016 02:18:00,23.89
08/24/2016 03:18:00,23.33
08/24/2016 04:18:00,23.89
08/24/2016 05:18:00,23.89
08/24/2016 06:18:00,24.44
08/24/2016 07:18:00,24.44
08/24/2016 08:18:00,24.44
08/24/2016 09:18:00,25.56
08/24/2016 10:18:00,27.22
08/24/2016 11:18:00,28.89
08/24/2016 12:18:00,30
08/24/2016 13:18:00,31.67
08/24/2016 14:18:00,32.22
08/24/2016 15:18:00,32.78
08/24/2016 16:18:00,32.78
08/24/2016 17:18:00,32.78
08/24/2016 18:18:00,33.33
08/24/2016 19:18:00,33.33
08/24/2016 20:18:00,31.67
08/24/2016 21:18:00,30
08/24/2016 22:18:00,28.89
08/24/2016 23:18:00,27.78
08/25/2016 00:18:00,27.22
08/25/2016 01:18:00,26.11
08/25/2016 02:18:00,25.56
08/25/2016 03:18:00,24.44
08/25/2016 04:18:00,23.89
08/25/2016 05:18:00,23.89
08/25/2016 06:18:00,23.89
08/25/2016 07:18:00,23.89
08/25/2016 08:18:00,24.44
08/25/2016 09:18:00,25.56
08/25/2016 10:18:00,26.67
08/25/2016 11:18:00,28.89
08/25/2016 12:18:00,29.44
08/25/2016 13:18:00,31.67
08/25/2016 14:18:00,31.67
08/25/2016 15:18:00,32.22
08/25/2016 16:18:00,33.33
08/25/2016 17:18:00,33.33
08/25/2016 18:18:00,32.78
08/25/2016 19:18:00,32.22
08/25/2016 20:18:00,32.22
08/25/2016 21:18:00,27.22
08/25/2016 22:18:00,26.67
08/25/2016 23:18:00,26.11
08/26/2016 00:18:00,25.56
08/26/2016 01:18:00,25.56
08/26/2016 02:18:00,25
08/26/2016 03:18:00,24.44
08/26/2016 04:18:00,24.44
08/26/2016 05:18:00,23.89
08/26/2016 06:18:00,23.89
08/26/2016 07:18:00,23.33
08/26/2016 08:18:00,23.89
08/26/2016 09:18:00,25
08/26/2016 10:18:00,27.22
08/26/2016 11:18:00,28.33
08/26/2016 12:18:00,30
08/26/2016 13:18:00,31.67
08/26/2016 14:18:00,32.78
08/26/2016 15:18:00,33.33
08/26/2016 16:18:00,33.89
08/26/2016 17:18:00,34.44
08/26/2016 18:18:00,30.56
08/26/2016 19:18:00,29.44
08/26/2016 20:18:00,28.33
08/26/2016 21:18:00,27.22
08/26/2016 22:18:00,25.56
08/26/2016 23:18:00,25
08/27/2016 00:18:00,24.44
08/27/2016 01:18:00,23.89
08/27/2016 02:18:00,23.89
08/27/2016 03:18:00,23.33
08/27/2016 04:18:00,22.78
08/27/2016 05:18:00,22.78
08/27/2016 06:18:00,22.78
08/27/2016 07:18:00,22.22
08/27/2016 08:18:00,22.22
08/27/2016 09:18:00,25
08/27/2016 10:18:00,27.22
08/27/2016 11:18:00,28.89
08/27/2016 12:18:00,31.11
08/27/2016 13:18:00,31.67
08/27/2016 14:18:00,32.78
08/27/2016 15:18:00,32.22
08/27/2016 16:18:00,33.33
08/27/2016 17:18:00,33.33
08/27/2016 18:18:00,33.33
08/27/2016 19:18:00,32.78
08/27/2016 20:18:00,31.67
08/27/2016 21:18:00,29.44
08/27/2016 22:18:00,28.33
08/27/2016 23:18:00,27.22
08/28/2016 00:18:00,26.67
08/28/2016 01:18:00,26.11
08/28/2016 02:18:00,25
08/28/2016 03:18:00,23.89
08/28/2016 04:18:00,23.33
08/28/2016 05:18:00,22.78
08/28/2016 06:18:00,22.22
08/28/2016 07:18:00,22.22
08/28/2016 08:18:00,22.78
08/28/2016 09:18:00,24.44
08/28/2016 10:18:00,24.44
08/28/2016 11:18:00,26.67
08/28/2016 12:18:00,27.22
08/28/2016 13:18:00,29.44
08/28/2016 14:18:00,30.56
08/28/2016 15:18:00,31.67
08/28/2016 16:18:00,32.22
08/28/2016 17:18:00,31.67
08/28/2016 18:18:00,32.22
08/28/2016 19:18:00,32.22
08/28/2016 20:18:00,28.33
08/28/2016 21:18:00,26.11
08/28/2016 22:18:00,24.44
08/28/2016 23:18:00,25
08/29/2016 00:18:00,24.44
08/29/2016 01:18:00,24.44
08/29/2016 02:18:00,23.89
08/29/2016 03:18:00,23.89
08/29/2016 04:18:00,23.33
08/29/2016 05:18:00,23.33
08/29/2016 06:18:00,23.33
08/29/2016 07:18:00,23.33
08/29/2016 08:18:00,23.33
08/29/2016 09:18:00,23.33
08/29/2016 10:18:00,24.44
08/29/2016 11:18:00,24.44
08/29/2016 12:18:00,27.22
08/29/2016 13:18:00,28.33
08/29/2016 14:18:00,31.11
08/29/2016 15:18:00,32.22
08/29/2016 16:18:00,31.67
08/29/2016 17:18:00,33.33
08/29/2016 18:18:00,32.78
08/29/2016 19:18:00,26.11
08/29/2016 20:18:00,24.44
08/29/2016 21:18:00,23.89
08/29/2016 22:18:00,23.89
08/29/2016 23:18:00,23.89
08/30/2016 00:18:00,23.89
08/30/2016 01:18:00,23.89
08/30/2016 02:18:00,23.33
08/30/2016 03:18:00,23.33
08/30/2016 04:18:00,23.33
08/30/2016 05:18:00,23.33
08/30/2016 06:18:00,22.78
08/30/2016 07:18:00,23.33
08/30/2016 08:18:00,23.33
08/30/2016 09:18:00,23.89
08/30/2016 10:18:00,25
08/30/2016 11:18:00,26.67
08/30/2016 12:18:00,28.33
08/30/2016 13:18:00,30
08/30/2016 14:18:00,31.67
08/30/2016 15:18:00,32.78
08/30/2016 16:18:00,32.78
08/30/2016 17:18:00,32.78
08/30/2016 18:18:00,32.78
08/30/2016 19:18:00,32.22
08/30/2016 20:18:00,31.11
08/30/2016 21:18:00,28.33
08/30/2016 22:18:00,27.22
08/30/2016 23:18:00,26.11
08/31/2016 00:18:00,26.67
08/31/2016 01:18:00,25
08/31/2016 02:18:00,24.44
08/31/2016 03:18:00,23.89
08/31/2016 04:18:00,23.89
08/31/2016 05:18:00,23.89
08/31/2016 06:18:00,24.44
08/31/2016 07:18:00,23.89
08/31/2016 08:18:00,23.33
08/31/2016 09:18:00,23.89
08/31/2016 10:18:00,27.22
08/31/2016 11:18:00,30.56
08/31/2016 12:18:00,31.67
08/31/2016 13:18:00,31.67
08/31/2016 14:18:00,33.33
08/31/2016 15:18:00,33.89
08/31/2016 16:18:00,34.44
08/31/2016 17:18:00,34.44
08/31/2016 18:18:00,34.44
08/31/2016 19:18:00,33.89
08/31/2016 20:18:00,32.22
08/31/2016 21:18:00,30.56
08/31/2016 22:18:00,28.89
08/31/2016 23:18:00,28.33
09/01/2016 00:18:00,27.22
09/01/2016 01:18:00,26.11
09/01/2016 02:18:00,25
09/01/2016 03:18:00,24.44
09/01/2016 04:18:00,24.44
09/01/2016 05:18:00,23.89
09/01/2016 06:18:00,23.89
09/01/2016 07:18:00,23.89
09/01/2016 08:18:00,23.89
09/01/2016 09:18:00,26.67
09/01/2016 10:18:00,28.89
09/01/2016 11:18:00,30.56
09/01/2016 12:18:00,32.22
09/01/2016 13:18:00,32.78
09/01/2016 14:18:00,33.89
09/01/2016 15:18:00,34.44
09/01/2016 16:18:00,35.56
09/01/2016 17:18:00,34.44
09/01/2016 18:18:00,34.44
09/01/2016 19:18:00,32.78
09/01/2016 20:18:00,30.56
09/01/2016 21:18:00,28.89
09/01/2016 22:18:00,28.33
09/01/2016 23:18:00,27.78
09/02/2016 00:18:00,26.11
09/02/2016 01:18:00,25.56
09/02/2016 02:18:00,25
09/02/2016 03:18:00,24.44
09/02/2016 04:18:00,24.44
09/02/2016 05:18:00,23.89
09/02/2016 06:18:00,23.33
09/02/2016 07:18:00,23.89
09/02/2016 08:18:00,23.33
09/02/2016 09:18:00,24.44
09/02/2016 10:18:00,25
09/02/2016 11:18:00,26.67
09/02/2016 12:18:00,28.33
09/02/2016 13:18:00,30.56
09/02/2016 14:18:00,31.67
09/02/2016 15:18:00,32.22
09/02/2016 16:18:00,32.22
09/02/2016 17:18:00,32.22
09/02/2016 18:18:00,31.67
09/02/2016 19:18:00,31.11
09/02/2016 20:18:00,26.67
09/02/2016 21:18:00,25.56
09/02/2016 22:18:00,25
09/02/2016 23:18:00,25
09/03/2016 00:18:00,24.44
09/03/2016 01:18:00,23.89
09/03/2016 02:18:00,23.33
09/03/2016 03:18:00,23.33
09/03/2016 04:18:00,23.89
09/03/2016 05:18:00,23.33
09/03/2016 06:18:00,23.89
09/03/2016 07:18:00,23.33
09/03/2016 08:18:00,23.89
09/03/2016 09:18:00,25
09/03/2016 10:18:00,27.22
09/03/2016 11:18:00,28.89
09/03/2016 12:18:00,30.56
09/03/2016 13:18:00,31.11
09/03/2016 14:18:00,31.67
09/03/2016 15:18:00,32.22
09/03/2016 16:18:00,32.22
09/03/2016 17:18:00,32.78
09/03/2016 18:18:00,32.78
09/03/2016 19:18:00,31.67
09/03/2016 20:18:00,28.89
09/03/2016 21:18:00,27.78
09/03/2016 22:18:00,26.67
09/03/2016 23:18:00,26.67
09/04/2016 00:18:00,26.11
09/04/2016 01:18:00,25.56
09/04/2016 02:18:00,23.89
09/04/2016 03:18:00,23.89
09/04/2016 04:18:00,23.33
09/04/2016 05:18:00,23.89
09/04/2016 06:18:00,23.89
09/04/2016 07:18:00,23.33
09/04/2016 08:18:00,23.33
09/04/2016 09:18:00,25.56
09/04/2016 10:18:00,27.22
09/04/2016 11:18:00,28.33
09/04/2016 12:18:00,29.44
09/04/2016 13:18:00,31.67
09/04/2016 14:18:00,32.22
09/04/2016 15:18:00,32.78
09/04/2016 16:18:00,32.78
09/04/2016 17:18:00,33.89
09/04/2016 18:18:00,33.89
09/04/2016 19:18:00,30
09/04/2016 20:18:00,29.44
09/04/2016 21:18:00,27.78
09/04/2016 22:18:00,26.11
09/04/2016 23:18:00,25
09/05/2016 00:18:00,24.44
09/05/2016 01:18:00,23.89
09/05/2016 02:18:00,23.33
09/05/2016 03:18:00,22.78
09/05/2016 04:18:00,22.78
09/05/2016 05:18:00,22.78
09/05/2016 06:18:00,23.33
09/05/2016 07:18:00,23.33
09/05/2016 08:18:00,23.33
09/05/2016 09:18:00,23.89
09/05/2016 10:18:00,25.56
09/05/2016 11:18:00,27.78
09/05/2016 12:18:00,28.89
09/05/2016 13:18:00,31.11
09/05/2016 14:18:00,32.22
09/05/2016 15:18:00,32.78
09/05/2016 16:18:00,26.67
09/05/2016 17:18:00,27.22
09/05/2016 18:18:00,27.78
09/05/2016 19:18:00,28.33
09/05/2016 20:18:00,28.33
09/05/2016 21:18:00,27.78
09/05/2016 22:18:00,27.22
09/05/2016 23:18:00,26.11
09/06/2016 00:18:00,25.56
09/06/2016 01:18:00,25.56
09/06/2016 02:18:00,25
09/06/2016 03:18:00,24.44
09/06/2016 04:18:00,24.44
09/06/2016 05:18:00,23.89
09/06/2016 06:18:00,23.33
09/06/2016 07:18:00,23.89
09/06/2016 08:18:00,23.89
09/06/2016 09:18:00,24.44
09/06/2016 10:18:00,26.11
09/06/2016 11:18:00,28.89
09/06/2016 12:18:00,30
09/06/2016 13:18:00,31.11
09/06/2016 14:18:00,32.22
09/06/2016 15:18:00,32.22
09/06/2016 16:18:00,33.33
09/06/2016 17:18:00,28.89
09/06/2016 18:18:00,31.11
09/06/2016 19:18:00,31.67
09/06/2016 20:18:00,26.67
09/06/2016 21:18:00,25.56
09/06/2016 22:18:00,26.11
09/06/2016 23:18:00,26.11
09/07/2016 00:18:00,26.11
09/07/2016 01:18:00,25.56
09/07/2016 02:18:00,25
09/07/2016 03:18:00,25.56
09/07/2016 04:18:00,25.56
09/07/2016 05:18:00,25.56
09/07/2016 06:18:00,25.56
09/07/2016 07:18:00,25.56
09/07/2016 08:18:00,25.56
09/07/2016 09:18:00,26.67
09/07/2016 10:18:00,27.78
09/07/2016 11:18:00,29.44
09/07/2016 12:18:00,31.11
09/07/2016 13:18:00,31.67
09/07/2016 14:18:00,31.67
09/07/2016 15:18:00,33.33
09/07/2016 16:18:00,32.78
09/07/2016 17:18:00,33.33
09/07/2016 18:18:00,33.33
09/07/2016 19:18:00,33.33
09/07/2016 20:18:00,31.67
09/07/2016 21:18:00,29.44
09/07/2016 22:18:00,28.89
09/07/2016 23:18:00,28.33
09/08/2016 00:18:00,27.22
09/08/2016 01:18:00,26.67
09/08/2016 02:18:00,25.56
09/08/2016 03:18:00,25.56
09/08/2016 04:18:00,25.56
09/08/2016 05:18:00,25
09/08/2016 06:18:00,25.56
09/08/2016 07:18:00,25
09/08/2016 08:18:00,24.44
09/08/2016 09:18:00,25.56
09/08/2016 10:18:00,26.11
09/08/2016 11:18:00,28.89
09/08/2016 12:18:00,30
09/08/2016 13:18:00,31.67
09/08/2016 14:18:00,32.22
09/08/2016 15:18:00,33.33
09/08/2016 16:18:00,33.89
09/08/2016 17:18:00,33.89
09/08/2016 18:18:00,33.33
09/08/2016 19:18:00,32.78
09/08/2016 20:18:00,30.56
09/08/2016 21:18:00,28.89
09/08/2016 22:18:00,28.33
09/08/2016 23:18:00,27.22
09/09/2016 00:18:00,26.67
09/09/2016 01:18:00,26.11
09/09/2016 02:18:00,25
09/09/2016 03:18:00,24.44
09/09/2016 04:18:00,23.89
09/09/2016 05:18:00,25
09/09/2016 06:18:00,25
09/09/2016 07:18:00,25
09/09/2016 08:18:00,24.44
09/09/2016 09:18:00,25
09/09/2016 10:18:00,27.22
09/09/2016 11:18:00,29.44
09/09/2016 12:18:00,30.56
09/09/2016 13:18:00,31.67
09/09/2016 14:18:00,32.22
09/09/2016 15:18:00,33.33
09/09/2016 16:18:00,33.33
09/09/2016 17:18:00,33.89
09/09/2016 18:18:00,33.89
09/09/2016 19:18:00,33.33
09/09/2016 20:18:00,31.67
09/09/2016 21:18:00,29.44
09/09/2016 22:18:00,28.33
09/09/2016 23:18:00,26.67
09/10/2016 00:18:00,26.11
09/10/2016 01:18:00,25.56
09/10/2016 02:18:00,25.56
09/10/2016 03:18:00,25.56
09/10/2016 04:18:00,25
09/10/2016 05:18:00,23.89
09/10/2016 06:18:00,23.33
09/10/2016 07:18:00,23.33
09/10/2016 08:18:00,23.89
09/10/2016 09:18:00,24.44
09/10/2016 10:18:00,26.67
09/10/2016 11:18:00,23.33
09/10/2016 12:18:00,27.22
09/10/2016 13:18:00,29.44
09/10/2016 14:18:00,31.11
09/10/2016 15:18:00,32.22
09/10/2016 16:18:00,33.33
09/10/2016 17:18:00,33.33
09/10/2016 18:18:00,31.11
09/10/2016 19:18:00,31.67
09/10/2016 20:18:00,29.44
09/10/2016 21:18:00,27.22
09/10/2016 22:18:00,26.11
09/10/2016 23:18:00,25
09/11/2016 00:18:00,24.44
09/11/2016 01:18:00,24.44
09/11/2016 02:18:00,23.89
09/11/2016 03:18:00,23.33
09/11/2016 04:18:00,23.33
09/11/2016 05:18:00,22.78
09/11/2016 06:18:00,22.22
09/11/2016 07:18:00,22.22
09/11/2016 08:18:00,21.11
09/11/2016 09:18:00,23.33
09/11/2016 10:18:00,25.56
09/11/2016 11:18:00,27.22
09/11/2016 12:18:00,28.89
09/11/2016 13:18:00,30
09/11/2016 14:18:00,30.56
09/11/2016 15:18:00,32.22
09/11/2016 16:18:00,32.78
09/11/2016 17:18:00,32.78
09/11/2016 18:18:00,33.33
09/11/2016 19:18:00,32.78
09/11/2016 20:18:00,31.11
09/11/2016 21:18:00,28.33
09/11/2016 22:18:00,27.22
09/11/2016 23:18:00,26.11
09/12/2016 00:18:00,25.56
09/12/2016 01:18:00,24.44
09/12/2016 02:18:00,22.22
09/12/2016 03:18:00,22.22
09/12/2016 04:18:00,21.67
09/12/2016 05:18:00,21.67
09/12/2016 06:18:00,21.11
09/12/2016 07:18:00,21.11
09/12/2016 08:18:00,20.56
09/12/2016 09:18:00,24.44
09/12/2016 10:18:00,27.22
09/12/2016 11:18:00,29.44
09/12/2016 12:18:00,30.56
09/12/2016 13:18:00,31.11
09/12/2016 14:18:00,32.78
09/12/2016 15:18:00,32.78
09/12/2016 16:18:00,33.33
09/12/2016 17:18:00,33.33
09/12/2016 18:18:00,33.33
09/12/2016 19:18:00,32.78
09/12/2016 20:18:00,30.56
09/12/2016 21:18:00,28.89
09/12/2016 22:18:00,27.78
09/12/2016 23:18:00,27.22
09/13/2016 00:18:00,26.67
09/13/2016 01:18:00,25.56
09/13/2016 02:18:00,25
09/13/2016 03:18:00,24.44
09/13/2016 04:18:00,23.89
09/13/2016 05:18:00,23.33
09/13/2016 06:18:00,23.33
09/13/2016 07:18:00,23.33
09/13/2016 08:18:00,22.22
09/13/2016 09:18:00,24.44
09/13/2016 10:18:00,26.11
09/13/2016 11:18:00,27.78
09/13/2016 12:18:00,30.56
09/13/2016 13:18:00,30.56
09/13/2016 14:18:00,32.78
09/13/2016 15:18:00,33.33
09/13/2016 16:18:00,33.33
09/13/2016 17:18:00,33.33
09/13/2016 18:18:00,33.89
09/13/2016 19:18:00,31.11
09/13/2016 20:18:00,30
09/13/2016 21:18:00,28.89
09/13/2016 22:18:00,27.78
09/13/2016 23:18:00,26.67
09/14/2016 00:18:00,26.11
09/14/2016 01:18:00,25.56
09/14/2016 02:18:00,25.56
09/14/2016 03:18:00,25
09/14/2016 04:18:00,25
09/14/2016 05:18:00,23.89
09/14/2016 06:18:00,24.44
09/14/2016 07:18:00,24.44
09/14/2016 08:18:00,23.89
09/14/2016 09:18:00,26.11
09/14/2016 10:18:00,27.78
09/14/2016 11:18:00,29.44
09/14/2016 12:18:00,31.11
09/14/2016 13:18:00,31.11
09/14/2016 14:18:00,30.56
09/14/2016 15:18:00,31.67
09/14/2016 16:18:00,33.33
09/14/2016 17:18:00,33.89
09/14/2016 18:18:00,33.33
09/14/2016 19:18:00,32.78
09/14/2016 20:18:00,31.11
09/14/2016 21:18:00,28.33
09/14/2016 22:18:00,27.78
09/14/2016 23:18:00,27.22
09/15/2016 00:18:00,26.67
09/15/2016 01:18:00,25
09/15/2016 02:18:00,24.44
09/15/2016 03:18:00,23.33
09/15/2016 04:18:00,23.33
09/15/2016 05:18:00,22.78
09/15/2016 06:18:00,22.22
09/15/2016 07:18:00,22.22
09/15/2016 08:18:00,22.22
09/15/2016 09:18:00,25
09/15/2016 10:18:00,28.33
09/15/2016 11:18:00,30
09/15/2016 12:18:00,31.67
09/15/2016 13:18:00,31.67
09/15/2016 14:18:00,32.78
09/15/2016 15:18:00,34.44
09/15/2016 16:18:00,34.44
09/15/2016 17:18:00,34.44
09/15/2016 18:18:00,33.33
09/15/2016 19:18:00,33.33
09/15/2016 20:18:00,31.11
09/15/2016 21:18:00,28.89
09/15/2016 22:18:00,28.33
09/15/2016 23:18:00,27.78
09/16/2016 00:18:00,26.67
09/16/2016 01:18:00,26.11
09/16/2016 02:18:00,25.56
09/16/2016 03:18:00,24.44
09/16/2016 04:18:00,23.33
09/16/2016 05:18:00,22.78
09/16/2016 06:18:00,23.33
09/16/2016 07:18:00,22.22
09/16/2016 08:18:00,22.22
09/16/2016 09:18:00,25
09/16/2016 10:18:00,27.22
09/16/2016 11:18:00,29.44
09/16/2016 12:18:00,31.67
09/16/2016 13:18:00,32.78
09/16/2016 14:18:00,33.33
09/16/2016 15:18:00,33.89
09/16/2016 16:18:00,35
09/16/2016 17:18:00,34.44
09/16/2016 18:18:00,34.44
09/16/2016 19:18:00,33.89
09/16/2016 20:18:00,31.67
09/16/2016 21:18:00,30
09/16/2016 22:18:00,28.89
09/16/2016 23:18:00,28.89
09/17/2016 00:18:00,26.67
09/17/2016 01:18:00,27.78
09/17/2016 02:18:00,26.11
09/17/2016 03:18:00,25.56
09/17/2016 04:18:00,24.44
09/17/2016 05:18:00,24.44
09/17/2016 06:18:00,24.44
09/17/2016 07:18:00,23.89
09/17/2016 08:18:00,23.33
09/17/2016 09:18:00,25.56
09/17/2016 10:18:00,28.89
09/17/2016 11:18:00,31.67
09/17/2016 12:18:00,31.67
09/17/2016 13:18:00,33.33
09/17/2016 14:18:00,35.56
09/17/2016 15:18:00,33.33
09/17/2016 16:18:00,35.56
09/17/2016 17:18:00,35.56
09/17/2016 18:18:00,35.56
09/17/2016 19:18:00,35
09/17/2016 20:18:00,32.78
09/17/2016 21:18:00,31.11
09/17/2016 22:18:00,30
09/17/2016 23:18:00,28.89
09/18/2016 00:18:00,28.33
09/18/2016 01:18:00,27.22
09/18/2016 02:18:00,26.67
09/18/2016 03:18:00,25.56
09/18/2016 04:18:00,25.56
09/18/2016 05:18:00,25
09/18/2016 06:18:00,24.44
09/18/2016 07:18:00,24.44
09/18/2016 08:18:00,23.89
09/18/2016 09:18:00,26.11
09/18/2016 10:18:00,28.89
09/18/2016 11:18:00,30.56
09/18/2016 12:18:00,32.78
09/18/2016 13:18:00,33.89
09/18/2016 14:18:00,34.44
09/18/2016 15:18:00,35
09/18/2016 16:18:00,35.56
09/18/2016 17:18:00,36.11
09/18/2016 18:18:00,35.56
09/18/2016 19:18:00,35
09/18/2016 20:18:00,32.78
09/18/2016 21:18:00,30.56
09/18/2016 22:18:00,30
09/18/2016 23:18:00,28.89
09/19/2016 00:18:00,28.33
09/19/2016 01:18:00,27.78
09/19/2016 02:18:00,26.67
09/19/2016 03:18:00,26.11
09/19/2016 04:18:00,25.56
09/19/2016 05:18:00,25
09/19/2016 06:18:00,24.44
09/19/2016 07:18:00,24.44
09/19/2016 08:18:00,25
09/19/2016 09:18:00,26.11
09/19/2016 10:18:00,28.89
09/19/2016 11:18:00,30.56
09/19/2016 12:18:00,32.22
09/19/2016 13:18:00,33.89
09/19/2016 14:18:00,35
09/19/2016 15:18:00,35.56
09/19/2016 16:18:00,35.56
09/19/2016 17:18:00,35.56
09/19/2016 18:18:00,35.56
09/19/2016 19:18:00,34.44
09/19/2016 20:18:00,32.22
09/19/2016 21:18:00,30
09/19/2016 22:18:00,28.33
09/19/2016 23:18:00,27.22
09/20/2016 00:18:00,26.67
09/20/2016 01:18:00,26.67
09/20/2016 02:18:00,26.11
09/20/2016 03:18:00,25.56
09/20/2016 04:18:00,25
09/20/2016 05:18:00,24.44
09/20/2016 06:18:00,24.44
09/20/2016 07:18:00,23.33
09/20/2016 08:18:00,23.33
09/20/2016 09:18:00,25.56
09/20/2016 10:18:00,28.89
09/20/2016 11:18:00,30.56
09/20/2016 12:18:00,32.78
09/20/2016 13:18:00,34.44
09/20/2016 14:18:00,34.44
09/20/2016 15:18:00,35.56
09/20/2016 16:18:00,36.11
09/20/2016 17:18:00,36.11
09/20/2016 18:18:00,36.67
09/20/2016 19:18:00,35.56
09/20/2016 20:18:00,33.33
09/20/2016 21:18:00,30
09/20/2016 22:18:00,31.11
09/20/2016 23:18:00,28.89
09/21/2016 00:18:00,27.78
09/21/2016 01:18:00,27.22
09/21/2016 02:18:00,26.11
09/21/2016 03:18:00,25
09/21/2016 04:18:00,25
09/21/2016 05:18:00,25.56
09/21/2016 06:18:00,24.44
09/21/2016 07:18:00,23.33
09/21/2016 08:18:00,23.33
09/21/2016 09:18:00,25.56
09/21/2016 10:18:00,27.78
09/21/2016 11:18:00,30
09/21/2016 12:18:00,31.11
09/21/2016 13:18:00,30.56
09/21/2016 14:18:00,32.78
09/21/2016 15:18:00,32.22
09/21/2016 16:18:00,34.44
09/21/2016 17:18:00,35
09/21/2016 18:18:00,34.44
09/21/2016 19:18:00,33.89
09/21/2016 20:18:00,31.11
09/21/2016 21:18:00,29.44
09/21/2016 22:18:00,27.78
09/21/2016 23:18:00,27.22
09/22/2016 00:18:00,26.67
09/22/2016 01:18:00,26.11
09/22/2016 02:18:00,22.22
09/22/2016 03:18:00,22.78
09/22/2016 04:18:00,22.22
09/22/2016 05:18:00,21.11
09/22/2016 06:18:00,21.67
09/22/2016 07:18:00,21.11
09/22/2016 08:18:00,20.56
09/22/2016 09:18:00,23.33
09/22/2016 10:18:00,27.78
09/22/2016 11:18:00,30
09/22/2016 12:18:00,31.67
09/22/2016 13:18:00,32.22
09/22/2016 14:18:00,32.78
09/22/2016 15:18:00,33.33
09/22/2016 16:18:00,33.89
09/22/2016 17:18:00,33.89
09/22/2016 18:18:00,32.78
09/22/2016 19:18:00,31.11
09/22/2016 20:18:00,30
09/22/2016 21:18:00,28.33
09/22/2016 22:18:00,27.22
09/22/2016 23:18:00,26.67
09/23/2016 00:18:00,26.11
09/23/2016 01:18:00,25.56
09/23/2016 02:18:00,25
09/23/2016 03:18:00,25
09/23/2016 04:18:00,24.44
09/23/2016 05:18:00,24.44
09/23/2016 06:18:00,23.89
09/23/2016 07:18:00,23.89
09/23/2016 08:18:00,23.33
09/23/2016 09:18:00,23.89
09/23/2016 10:18:00,26.11
09/23/2016 11:18:00,27.78
09/23/2016 12:18:00,28.33
09/23/2016 13:18:00,29.44
09/23/2016 14:18:00,31.67
09/23/2016 15:18:00,27.22
09/23/2016 16:18:00,33.33
09/23/2016 17:18:00,33.33
09/23/2016 18:18:00,31.67
09/23/2016 19:18:00,30.56
09/23/2016 20:18:00,28.89
09/23/2016 21:18:00,27.22
09/23/2016 22:18:00,26.67
09/23/2016 23:18:00,26.11
09/24/2016 00:18:00,25.56
09/24/2016 01:18:00,25
09/24/2016 02:18:00,25
09/24/2016 03:18:00,24.44
09/24/2016 04:18:00,23.89
09/24/2016 05:18:00,24.44
09/24/2016 06:18:00,24.44
09/24/2016 07:18:00,24.44
09/24/2016 08:18:00,24.44
09/24/2016 09:18:00,24.44
09/24/2016 10:18:00,25.56
09/24/2016 11:18:00,27.22
09/24/2016 12:18:00,30
09/24/2016 13:18:00,32.22
09/24/2016 14:18:00,33.33
09/24/2016 15:18:00,33.33
09/24/2016 16:18:00,33.33
09/24/2016 17:18:00,28.33
09/24/2016 18:18:00,26.11
09/24/2016 19:18:00,27.78
09/24/2016 20:18:00,27.22
09/24/2016 21:18:00,26.67
09/24/2016 22:18:00,26.11
09/24/2016 23:18:00,25.56
09/25/2016 00:18:00,25
09/25/2016 01:18:00,24.44
09/25/2016 02:18:00,24.44
09/25/2016 03:18:00,24.44
09/25/2016 04:18:00,24.44
09/25/2016 05:18:00,24.44
09/25/2016 06:18:00,24.44
09/25/2016 07:18:00,24.44
09/25/2016 08:18:00,24.44
09/25/2016 09:18:00,24.44
09/25/2016 10:18:00,25
09/25/2016 11:18:00,26.67
09/25/2016 12:18:00,28.33
09/25/2016 13:18:00,26.11
09/25/2016 14:18:00,25
09/25/2016 15:18:00,27.78
09/25/2016 16:18:00,27.78
09/25/2016 17:18:00,27.22
09/25/2016 18:18:00,23.33
09/25/2016 19:18:00,22.22
09/25/2016 20:18:00,22.22
09/25/2016 21:18:00,22.22
09/25/2016 22:18:00,22.22
09/25/2016 23:18:00,22.78
09/26/2016 00:18:00,22.78
09/26/2016 01:18:00,22.78
09/26/2016 02:18:00,22.78
09/26/2016 03:18:00,22.78
09/26/2016 04:18:00,22.78
09/26/2016 05:18:00,22.78
09/26/2016 06:18:00,22.78
09/26/2016 07:18:00,22.22
09/26/2016 08:18:00,22.78
09/26/2016 09:18:00,22.78
09/26/2016 10:18:00,23.89
09/26/2016 11:18:00,23.33
09/26/2016 12:18:00,22.78
09/26/2016 13:18:00,21.67
09/26/2016 14:18:00,21.67
09/26/2016 15:18:00,22.22
09/26/2016 16:18:00,22.22
09/26/2016 17:18:00,21.67
09/26/2016 18:18:00,21.11
09/26/2016 19:18:00,21.11
09/26/2016 20:18:00,20.56
09/26/2016 21:18:00,20
09/26/2016 22:18:00,19.44
09/26/2016 23:18:00,19.44
09/27/2016 00:18:00,19.44
09/27/2016 01:18:00,19.44
09/27/2016 02:18:00,19.44
09/27/2016 03:18:00,19.44
09/27/2016 04:18:00,19.44
09/27/2016 05:18:00,20
09/27/2016 06:18:00,20
09/27/2016 07:18:00,20
09/27/2016 08:18:00,20
09/27/2016 09:18:00,20.56
09/27/2016 10:18:00,20.56
09/27/2016 11:18:00,22.22
09/27/2016 12:18:00,23.89
09/27/2016 13:18:00,23.89
09/27/2016 14:18:00,25.56
09/27/2016 15:18:00,25.56
09/27/2016 16:18:00,25
09/27/2016 17:18:00,26.11
09/27/2016 18:18:00,26.11
09/27/2016 19:18:00,25.56
09/27/2016 20:18:00,23.33
09/27/2016 21:18:00,22.22
09/27/2016 22:18:00,21.11
09/27/2016 23:18:00,19.44
09/28/2016 00:18:00,20
09/28/2016 01:18:00,20
09/28/2016 02:18:00,18.89
09/28/2016 03:18:00,18.33
09/28/2016 04:18:00,18.33
09/28/2016 05:18:00,17.78
09/28/2016 06:18:00,17.22
09/28/2016 07:18:00,17.22
09/28/2016 08:18:00,16.67
09/28/2016 09:18:00,19.44
09/28/2016 10:18:00,23.33
09/28/2016 11:18:00,25.56
09/28/2016 12:18:00,26.67
09/28/2016 13:18:00,28.33
09/28/2016 14:18:00,29.44
09/28/2016 15:18:00,30
09/28/2016 16:18:00,31.67
09/28/2016 17:18:00,32.22
09/28/2016 18:18:00,32.22
09/28/2016 19:18:00,31.67
09/28/2016 20:18:00,27.22
09/28/2016 21:18:00,25
09/28/2016 22:18:00,21.67
09/28/2016 23:18:00,20
09/29/2016 00:18:00,18.89
09/29/2016 01:18:00,17.78
09/29/2016 02:18:00,17.22
09/29/2016 03:18:00,16.67
09/29/2016 04:18:00,16.11
09/29/2016 05:18:00,16.11
09/29/2016 06:18:00,16.67
09/29/2016 07:18:00,15.56
09/29/2016 08:18:00,16.67
09/29/2016 09:18:00,19.44
09/29/2016 10:18:00,21.67
09/29/2016 11:18:00,23.33
09/29/2016 12:18:00,25
09/29/2016 13:18:00,26.67
09/29/2016 14:18:00,27.78
09/29/2016 15:18:00,28.89
09/29/2016 16:18:00,29.44
09/29/2016 17:18:00,28.89
09/29/2016 18:18:00,28.33
09/29/2016 19:18:00,27.22
09/29/2016 20:18:00,23.89
09/29/2016 21:18:00,21.67
09/29/2016 22:18:00,20.56
09/29/2016 23:18:00,20.56
09/30/2016 00:18:00,20
09/30/2016 01:18:00,18.89
09/30/2016 02:18:00,17.78
09/30/2016 03:18:00,17.22
09/30/2016 04:18:00,17.22
09/30/2016 05:18:00,16.11
09/30/2016 06:18:00,14.44
