;DateTime,CMS
08/01/2016 00:00:00,-0.02440802
08/01/2016 01:00:00,-0.02440802
08/01/2016 02:00:00,-0.02440802
08/01/2016 03:00:00,-0.02440802
08/01/2016 04:00:00,-0.02440802
08/01/2016 05:00:00,-0.02440802
08/01/2016 06:00:00,-0.02440802
08/01/2016 07:00:00,-0.02440802
08/01/2016 08:00:00,-0.02440802
08/01/2016 09:00:00,-0.02440802
08/01/2016 10:00:00,-0.02440802
08/01/2016 11:00:00,-0.02440802
08/01/2016 12:00:00,-0.02440802
08/01/2016 13:00:00,-0.02440802
08/01/2016 14:00:00,-0.02440802
08/01/2016 15:00:00,-0.02440802
08/01/2016 16:00:00,-0.02440802
08/01/2016 17:00:00,-0.02440802
08/01/2016 18:00:00,-0.02440802
08/01/2016 19:00:00,-0.02440802
08/01/2016 20:00:00,-0.02440802
08/01/2016 21:00:00,-0.02440802
08/01/2016 22:00:00,-0.02440802
08/01/2016 23:00:00,-0.02440802
08/02/2016 00:00:00,-0.02440802
08/02/2016 01:00:00,-0.02440802
08/02/2016 02:00:00,-0.02440802
08/02/2016 03:00:00,-0.02440802
08/02/2016 04:00:00,-0.02440802
08/02/2016 05:00:00,-0.02440802
08/02/2016 06:00:00,-0.02440802
08/02/2016 07:00:00,-0.02440802
08/02/2016 08:00:00,-0.02440802
08/02/2016 09:00:00,-0.02440802
08/02/2016 10:00:00,-0.02440802
08/02/2016 11:00:00,-0.02440802
08/02/2016 12:00:00,-0.02440802
08/02/2016 13:00:00,-0.02440802
08/02/2016 14:00:00,-0.02440802
08/02/2016 15:00:00,-0.02440802
08/02/2016 16:00:00,-0.02440802
08/02/2016 17:00:00,-0.02440802
08/02/2016 18:00:00,-0.02440802
08/02/2016 19:00:00,-0.02440802
08/02/2016 20:00:00,-0.02440802
08/02/2016 21:00:00,-0.02440802
08/02/2016 22:00:00,-0.02440802
08/02/2016 23:00:00,-0.02440802
08/03/2016 00:00:00,-0.02440802
08/03/2016 01:00:00,-0.02440802
08/03/2016 02:00:00,-0.02440802
08/03/2016 03:00:00,-0.02440802
08/03/2016 04:00:00,-0.02440802
08/03/2016 05:00:00,-0.02440802
08/03/2016 06:00:00,-0.02440802
08/03/2016 07:00:00,-0.02440802
08/03/2016 08:00:00,-0.02440802
08/03/2016 09:00:00,-0.02440802
08/03/2016 10:00:00,-0.02440802
08/03/2016 11:00:00,-0.02440802
08/03/2016 12:00:00,-0.02440802
08/03/2016 13:00:00,-0.02440802
08/03/2016 14:00:00,-0.02440802
08/03/2016 15:00:00,-0.02440802
08/03/2016 16:00:00,-0.02440802
08/03/2016 17:00:00,-0.02440802
08/03/2016 18:00:00,-0.02440802
08/03/2016 19:00:00,-0.02440802
08/03/2016 20:00:00,-0.02440802
08/03/2016 21:00:00,-0.02440802
08/03/2016 22:00:00,-0.02440802
08/03/2016 23:00:00,-0.02440802
08/04/2016 00:00:00,-0.02440802
08/04/2016 01:00:00,-0.02440802
08/04/2016 02:00:00,-0.02440802
08/04/2016 03:00:00,-0.02440802
08/04/2016 04:00:00,-0.02440802
08/04/2016 05:00:00,-0.02440802
08/04/2016 06:00:00,-0.02440802
08/04/2016 07:00:00,-0.02440802
08/04/2016 08:00:00,-0.02440802
08/04/2016 09:00:00,-0.02440802
08/04/2016 10:00:00,-0.02440802
08/04/2016 11:00:00,-0.02440802
08/04/2016 12:00:00,-0.02440802
08/04/2016 13:00:00,-0.02440802
08/04/2016 14:00:00,-0.02440802
08/04/2016 15:00:00,-0.02440802
08/04/2016 16:00:00,-0.02440802
08/04/2016 17:00:00,-0.02440802
08/04/2016 18:00:00,-0.02440802
08/04/2016 19:00:00,-0.02440802
08/04/2016 20:00:00,-0.02440802
08/04/2016 21:00:00,-0.02440802
08/04/2016 22:00:00,-0.02440802
08/04/2016 23:00:00,-0.02440802
08/05/2016 00:00:00,-0.02440802
08/05/2016 01:00:00,-0.02440802
08/05/2016 02:00:00,-0.02440802
08/05/2016 03:00:00,-0.02440802
08/05/2016 04:00:00,-0.02440802
08/05/2016 05:00:00,-0.02440802
08/05/2016 06:00:00,-0.02440802
08/05/2016 07:00:00,-0.02440802
08/05/2016 08:00:00,-0.02440802
08/05/2016 09:00:00,-0.02440802
08/05/2016 10:00:00,-0.02440802
08/05/2016 11:00:00,-0.02440802
08/05/2016 12:00:00,-0.02440802
08/05/2016 13:00:00,-0.02440802
08/05/2016 14:00:00,-0.02440802
08/05/2016 15:00:00,-0.02440802
08/05/2016 16:00:00,-0.02440802
08/05/2016 17:00:00,-0.02440802
08/05/2016 18:00:00,-0.02440802
08/05/2016 19:00:00,-0.02440802
08/05/2016 20:00:00,-0.02440802
08/05/2016 21:00:00,-0.02440802
08/05/2016 22:00:00,-0.02440802
08/05/2016 23:00:00,-0.02440802
08/06/2016 00:00:00,-0.02440802
08/06/2016 01:00:00,-0.02440802
08/06/2016 02:00:00,-0.02440802
08/06/2016 03:00:00,-0.02440802
08/06/2016 04:00:00,-0.02440802
08/06/2016 05:00:00,-0.02440802
08/06/2016 06:00:00,-0.02440802
08/06/2016 07:00:00,-0.02440802
08/06/2016 08:00:00,-0.02440802
08/06/2016 09:00:00,-0.02440802
08/06/2016 10:00:00,-0.02440802
08/06/2016 11:00:00,-0.02440802
08/06/2016 12:00:00,-0.02440802
08/06/2016 13:00:00,-0.02440802
08/06/2016 14:00:00,-0.02440802
08/06/2016 15:00:00,-0.02440802
08/06/2016 16:00:00,-0.02440802
08/06/2016 17:00:00,-0.02440802
08/06/2016 18:00:00,-0.02440802
08/06/2016 19:00:00,-0.02440802
08/06/2016 20:00:00,-0.02440802
08/06/2016 21:00:00,-0.02440802
08/06/2016 22:00:00,-0.02440802
08/06/2016 23:00:00,-0.02440802
08/07/2016 00:00:00,-0.02440802
08/07/2016 01:00:00,-0.02440802
08/07/2016 02:00:00,-0.02440802
08/07/2016 03:00:00,-0.02440802
08/07/2016 04:00:00,-0.02440802
08/07/2016 05:00:00,-0.02440802
08/07/2016 06:00:00,-0.02440802
08/07/2016 07:00:00,-0.02440802
08/07/2016 08:00:00,-0.02440802
08/07/2016 09:00:00,-0.02440802
08/07/2016 10:00:00,-0.02440802
08/07/2016 11:00:00,-0.02440802
08/07/2016 12:00:00,-0.02440802
08/07/2016 13:00:00,-0.02440802
08/07/2016 14:00:00,-0.02440802
08/07/2016 15:00:00,-0.02440802
08/07/2016 16:00:00,-0.02440802
08/07/2016 17:00:00,-0.02440802
08/07/2016 18:00:00,-0.02440802
08/07/2016 19:00:00,-0.02440802
08/07/2016 20:00:00,-0.02440802
08/07/2016 21:00:00,-0.02440802
08/07/2016 22:00:00,-0.02440802
08/07/2016 23:00:00,-0.02440802
08/08/2016 00:00:00,-0.02440802
08/08/2016 01:00:00,-0.02440802
08/08/2016 02:00:00,-0.02440802
08/08/2016 03:00:00,-0.02440802
08/08/2016 04:00:00,-0.02440802
08/08/2016 05:00:00,-0.02440802
08/08/2016 06:00:00,-0.02440802
08/08/2016 07:00:00,-0.02440802
08/08/2016 08:00:00,-0.02440802
08/08/2016 09:00:00,-0.02440802
08/08/2016 10:00:00,-0.02440802
08/08/2016 11:00:00,-0.02440802
08/08/2016 12:00:00,-0.02440802
08/08/2016 13:00:00,-0.02440802
08/08/2016 14:00:00,-0.02440802
08/08/2016 15:00:00,-0.02440802
08/08/2016 16:00:00,-0.02440802
08/08/2016 17:00:00,-0.02440802
08/08/2016 18:00:00,-0.02440802
08/08/2016 19:00:00,-0.02440802
08/08/2016 20:00:00,-0.02440802
08/08/2016 21:00:00,-0.02440802
08/08/2016 22:00:00,-0.02440802
08/08/2016 23:00:00,-0.02440802
08/09/2016 00:00:00,-0.02440802
08/09/2016 01:00:00,-0.02440802
08/09/2016 02:00:00,-0.02440802
08/09/2016 03:00:00,-0.02440802
08/09/2016 04:00:00,-0.02440802
08/09/2016 05:00:00,-0.02440802
08/09/2016 06:00:00,-0.02440802
08/09/2016 07:00:00,-0.02440802
08/09/2016 08:00:00,-0.02440802
08/09/2016 09:00:00,-0.02440802
08/09/2016 10:00:00,-0.02440802
08/09/2016 11:00:00,-0.02440802
08/09/2016 12:00:00,-0.02440802
08/09/2016 13:00:00,-0.02440802
08/09/2016 14:00:00,-0.02440802
08/09/2016 15:00:00,-0.02440802
08/09/2016 16:00:00,-0.02440802
08/09/2016 17:00:00,-0.02440802
08/09/2016 18:00:00,-0.02440802
08/09/2016 19:00:00,-0.02440802
08/09/2016 20:00:00,-0.02440802
08/09/2016 21:00:00,-0.02440802
08/09/2016 22:00:00,-0.02440802
08/09/2016 23:00:00,-0.02440802
08/10/2016 00:00:00,-0.02440802
08/10/2016 01:00:00,-0.02440802
08/10/2016 02:00:00,-0.02440802
08/10/2016 03:00:00,-0.02440802
08/10/2016 04:00:00,-0.02440802
08/10/2016 05:00:00,-0.02440802
08/10/2016 06:00:00,-0.02440802
08/10/2016 07:00:00,-0.02440802
08/10/2016 08:00:00,-0.02440802
08/10/2016 09:00:00,-0.02440802
08/10/2016 10:00:00,-0.02440802
08/10/2016 11:00:00,-0.02440802
08/10/2016 12:00:00,-0.02440802
08/10/2016 13:00:00,-0.02440802
08/10/2016 14:00:00,-0.02440802
08/10/2016 15:00:00,-0.02440802
08/10/2016 16:00:00,-0.02440802
08/10/2016 17:00:00,-0.02440802
08/10/2016 18:00:00,-0.02440802
08/10/2016 19:00:00,-0.02440802
08/10/2016 20:00:00,-0.02440802
08/10/2016 21:00:00,-0.02440802
08/10/2016 22:00:00,-0.02440802
08/10/2016 23:00:00,-0.02440802
08/11/2016 00:00:00,-0.02440802
08/11/2016 01:00:00,-0.02440802
08/11/2016 02:00:00,-0.02440802
08/11/2016 03:00:00,-0.02440802
08/11/2016 04:00:00,-0.02440802
08/11/2016 05:00:00,-0.02440802
08/11/2016 06:00:00,-0.02440802
08/11/2016 07:00:00,-0.02440802
08/11/2016 08:00:00,-0.02440802
08/11/2016 09:00:00,-0.02440802
08/11/2016 10:00:00,-0.02440802
08/11/2016 11:00:00,-0.02440802
08/11/2016 12:00:00,-0.02440802
08/11/2016 13:00:00,-0.02440802
08/11/2016 14:00:00,-0.02440802
08/11/2016 15:00:00,-0.02440802
08/11/2016 16:00:00,-0.02440802
08/11/2016 17:00:00,-0.02440802
08/11/2016 18:00:00,-0.02440802
08/11/2016 19:00:00,-0.02440802
08/11/2016 20:00:00,-0.02440802
08/11/2016 21:00:00,-0.02440802
08/11/2016 22:00:00,-0.02440802
08/11/2016 23:00:00,-0.02440802
08/12/2016 00:00:00,-0.02440802
08/12/2016 01:00:00,-0.02440802
08/12/2016 02:00:00,-0.02440802
08/12/2016 03:00:00,-0.02440802
08/12/2016 04:00:00,-0.02440802
08/12/2016 05:00:00,-0.02440802
08/12/2016 06:00:00,-0.02440802
08/12/2016 07:00:00,-0.02440802
08/12/2016 08:00:00,-0.02440802
08/12/2016 09:00:00,-0.02440802
08/12/2016 10:00:00,-0.02440802
08/12/2016 11:00:00,-0.02440802
08/12/2016 12:00:00,-0.02440802
08/12/2016 13:00:00,-0.02440802
08/12/2016 14:00:00,-0.02440802
08/12/2016 15:00:00,-0.02440802
08/12/2016 16:00:00,-0.02440802
08/12/2016 17:00:00,-0.02440802
08/12/2016 18:00:00,-0.02440802
08/12/2016 19:00:00,-0.02440802
08/12/2016 20:00:00,-0.02440802
08/12/2016 21:00:00,-0.02440802
08/12/2016 22:00:00,-0.02440802
08/12/2016 23:00:00,-0.02440802
08/13/2016 00:00:00,-0.02440802
08/13/2016 01:00:00,-0.02440802
08/13/2016 02:00:00,-0.02440802
08/13/2016 03:00:00,-0.02440802
08/13/2016 04:00:00,-0.02440802
08/13/2016 05:00:00,-0.02440802
08/13/2016 06:00:00,-0.02440802
08/13/2016 07:00:00,-0.02440802
08/13/2016 08:00:00,-0.02440802
08/13/2016 09:00:00,-0.02440802
08/13/2016 10:00:00,-0.02440802
08/13/2016 11:00:00,-0.02440802
08/13/2016 12:00:00,-0.02440802
08/13/2016 13:00:00,-0.02440802
08/13/2016 14:00:00,-0.02440802
08/13/2016 15:00:00,-0.02440802
08/13/2016 16:00:00,-0.02440802
08/13/2016 17:00:00,-0.02440802
08/13/2016 18:00:00,-0.02440802
08/13/2016 19:00:00,-0.02440802
08/13/2016 20:00:00,-0.02440802
08/13/2016 21:00:00,-0.02440802
08/13/2016 22:00:00,-0.02440802
08/13/2016 23:00:00,-0.02440802
08/14/2016 00:00:00,-0.02440802
08/14/2016 01:00:00,-0.02440802
08/14/2016 02:00:00,-0.02440802
08/14/2016 03:00:00,-0.02440802
08/14/2016 04:00:00,-0.02440802
08/14/2016 05:00:00,-0.02440802
08/14/2016 06:00:00,-0.02440802
08/14/2016 07:00:00,-0.02440802
08/14/2016 08:00:00,-0.02440802
08/14/2016 09:00:00,-0.02440802
08/14/2016 10:00:00,-0.02440802
08/14/2016 11:00:00,-0.02440802
08/14/2016 12:00:00,-0.02440802
08/14/2016 13:00:00,-0.02440802
08/14/2016 14:00:00,-0.02440802
08/14/2016 15:00:00,-0.02440802
08/14/2016 16:00:00,-0.02440802
08/14/2016 17:00:00,-0.02440802
08/14/2016 18:00:00,-0.02440802
08/14/2016 19:00:00,-0.02440802
08/14/2016 20:00:00,-0.02440802
08/14/2016 21:00:00,-0.02440802
08/14/2016 22:00:00,-0.02440802
08/14/2016 23:00:00,-0.02440802
08/15/2016 00:00:00,-0.02440802
08/15/2016 01:00:00,-0.02440802
08/15/2016 02:00:00,-0.02440802
08/15/2016 03:00:00,-0.02440802
08/15/2016 04:00:00,-0.02440802
08/15/2016 05:00:00,-0.02440802
08/15/2016 06:00:00,-0.02440802
08/15/2016 07:00:00,-0.02440802
08/15/2016 08:00:00,-0.02440802
08/15/2016 09:00:00,-0.02440802
08/15/2016 10:00:00,-0.02440802
08/15/2016 11:00:00,-0.02440802
08/15/2016 12:00:00,-0.02440802
08/15/2016 13:00:00,-0.02440802
08/15/2016 14:00:00,-0.02440802
08/15/2016 15:00:00,-0.02440802
08/15/2016 16:00:00,-0.02440802
08/15/2016 17:00:00,-0.02440802
08/15/2016 18:00:00,-0.02440802
08/15/2016 19:00:00,-0.02440802
08/15/2016 20:00:00,-0.02440802
08/15/2016 21:00:00,-0.02440802
08/15/2016 22:00:00,-0.02440802
08/15/2016 23:00:00,-0.02440802
08/16/2016 00:00:00,-0.02440802
08/16/2016 01:00:00,-0.02440802
08/16/2016 02:00:00,-0.02440802
08/16/2016 03:00:00,-0.02440802
08/16/2016 04:00:00,-0.02440802
08/16/2016 05:00:00,-0.02440802
08/16/2016 06:00:00,-0.02440802
08/16/2016 07:00:00,-0.02440802
08/16/2016 08:00:00,-0.02440802
08/16/2016 09:00:00,-0.02440802
08/16/2016 10:00:00,-0.02440802
08/16/2016 11:00:00,-0.02440802
08/16/2016 12:00:00,-0.02440802
08/16/2016 13:00:00,-0.02440802
08/16/2016 14:00:00,-0.02440802
08/16/2016 15:00:00,-0.02440802
08/16/2016 16:00:00,-0.02440802
08/16/2016 17:00:00,-0.02440802
08/16/2016 18:00:00,-0.02440802
08/16/2016 19:00:00,-0.02440802
08/16/2016 20:00:00,-0.02440802
08/16/2016 21:00:00,-0.02440802
08/16/2016 22:00:00,-0.02440802
08/16/2016 23:00:00,-0.02440802
08/17/2016 00:00:00,-0.02440802
08/17/2016 01:00:00,-0.02440802
08/17/2016 02:00:00,-0.02440802
08/17/2016 03:00:00,-0.02440802
08/17/2016 04:00:00,-0.02440802
08/17/2016 05:00:00,-0.02440802
08/17/2016 06:00:00,-0.02440802
08/17/2016 07:00:00,-0.02440802
08/17/2016 08:00:00,-0.02440802
08/17/2016 09:00:00,-0.02440802
08/17/2016 10:00:00,-0.02440802
08/17/2016 11:00:00,-0.02440802
08/17/2016 12:00:00,-0.02440802
08/17/2016 13:00:00,-0.02440802
08/17/2016 14:00:00,-0.02440802
08/17/2016 15:00:00,-0.02440802
08/17/2016 16:00:00,-0.02440802
08/17/2016 17:00:00,-0.02440802
08/17/2016 18:00:00,-0.02440802
08/17/2016 19:00:00,-0.02440802
08/17/2016 20:00:00,-0.02440802
08/17/2016 21:00:00,-0.02440802
08/17/2016 22:00:00,-0.02440802
08/17/2016 23:00:00,-0.02440802
08/18/2016 00:00:00,-0.02440802
08/18/2016 01:00:00,-0.02440802
08/18/2016 02:00:00,-0.02440802
08/18/2016 03:00:00,-0.02440802
08/18/2016 04:00:00,-0.02440802
08/18/2016 05:00:00,-0.02440802
08/18/2016 06:00:00,-0.02440802
08/18/2016 07:00:00,-0.02440802
08/18/2016 08:00:00,-0.02440802
08/18/2016 09:00:00,-0.02440802
08/18/2016 10:00:00,-0.02440802
08/18/2016 11:00:00,-0.02440802
08/18/2016 12:00:00,-0.02440802
08/18/2016 13:00:00,-0.02440802
08/18/2016 14:00:00,-0.02440802
08/18/2016 15:00:00,-0.02440802
08/18/2016 16:00:00,-0.02440802
08/18/2016 17:00:00,-0.02440802
08/18/2016 18:00:00,-0.02440802
08/18/2016 19:00:00,-0.02440802
08/18/2016 20:00:00,-0.02440802
08/18/2016 21:00:00,-0.02440802
08/18/2016 22:00:00,-0.02440802
08/18/2016 23:00:00,-0.02440802
08/19/2016 00:00:00,-0.02440802
08/19/2016 01:00:00,-0.02440802
08/19/2016 02:00:00,-0.02440802
08/19/2016 03:00:00,-0.02440802
08/19/2016 04:00:00,-0.02440802
08/19/2016 05:00:00,-0.02440802
08/19/2016 06:00:00,-0.02440802
08/19/2016 07:00:00,-0.02440802
08/19/2016 08:00:00,-0.02440802
08/19/2016 09:00:00,-0.02440802
08/19/2016 10:00:00,-0.02440802
08/19/2016 11:00:00,-0.02440802
08/19/2016 12:00:00,-0.02440802
08/19/2016 13:00:00,-0.02440802
08/19/2016 14:00:00,-0.02440802
08/19/2016 15:00:00,-0.02440802
08/19/2016 16:00:00,-0.02440802
08/19/2016 17:00:00,-0.02440802
08/19/2016 18:00:00,-0.02440802
08/19/2016 19:00:00,-0.02440802
08/19/2016 20:00:00,-0.02440802
08/19/2016 21:00:00,-0.02440802
08/19/2016 22:00:00,-0.02440802
08/19/2016 23:00:00,-0.02440802
08/20/2016 00:00:00,-0.02440802
08/20/2016 01:00:00,-0.02440802
08/20/2016 02:00:00,-0.02440802
08/20/2016 03:00:00,-0.02440802
08/20/2016 04:00:00,-0.02440802
08/20/2016 05:00:00,-0.02440802
08/20/2016 06:00:00,-0.02440802
08/20/2016 07:00:00,-0.02440802
08/20/2016 08:00:00,-0.02440802
08/20/2016 09:00:00,-0.02440802
08/20/2016 10:00:00,-0.02440802
08/20/2016 11:00:00,-0.02440802
08/20/2016 12:00:00,-0.02440802
08/20/2016 13:00:00,-0.02440802
08/20/2016 14:00:00,-0.02440802
08/20/2016 15:00:00,-0.02440802
08/20/2016 16:00:00,-0.02440802
08/20/2016 17:00:00,-0.02440802
08/20/2016 18:00:00,-0.02440802
08/20/2016 19:00:00,-0.02440802
08/20/2016 20:00:00,-0.02440802
08/20/2016 21:00:00,-0.02440802
08/20/2016 22:00:00,-0.02440802
08/20/2016 23:00:00,-0.02440802
08/21/2016 00:00:00,-0.02440802
08/21/2016 01:00:00,-0.02440802
08/21/2016 02:00:00,-0.02440802
08/21/2016 03:00:00,-0.02440802
08/21/2016 04:00:00,-0.02440802
08/21/2016 05:00:00,-0.02440802
08/21/2016 06:00:00,-0.02440802
08/21/2016 07:00:00,-0.02440802
08/21/2016 08:00:00,-0.02440802
08/21/2016 09:00:00,-0.02440802
08/21/2016 10:00:00,-0.02440802
08/21/2016 11:00:00,-0.02440802
08/21/2016 12:00:00,-0.02440802
08/21/2016 13:00:00,-0.02440802
08/21/2016 14:00:00,-0.02440802
08/21/2016 15:00:00,-0.02440802
08/21/2016 16:00:00,-0.02440802
08/21/2016 17:00:00,-0.02440802
08/21/2016 18:00:00,-0.02440802
08/21/2016 19:00:00,-0.02440802
08/21/2016 20:00:00,-0.02440802
08/21/2016 21:00:00,-0.02440802
08/21/2016 22:00:00,-0.02440802
08/21/2016 23:00:00,-0.02440802
08/22/2016 00:00:00,-0.02440802
08/22/2016 01:00:00,-0.02440802
08/22/2016 02:00:00,-0.02440802
08/22/2016 03:00:00,-0.02440802
08/22/2016 04:00:00,-0.02440802
08/22/2016 05:00:00,-0.02440802
08/22/2016 06:00:00,-0.02440802
08/22/2016 07:00:00,-0.02440802
08/22/2016 08:00:00,-0.02440802
08/22/2016 09:00:00,-0.02440802
08/22/2016 10:00:00,-0.02440802
08/22/2016 11:00:00,-0.02440802
08/22/2016 12:00:00,-0.02440802
08/22/2016 13:00:00,-0.02440802
08/22/2016 14:00:00,-0.02440802
08/22/2016 15:00:00,-0.02440802
08/22/2016 16:00:00,-0.02440802
08/22/2016 17:00:00,-0.02440802
08/22/2016 18:00:00,-0.02440802
08/22/2016 19:00:00,-0.02440802
08/22/2016 20:00:00,-0.02440802
08/22/2016 21:00:00,-0.02440802
08/22/2016 22:00:00,-0.02440802
08/22/2016 23:00:00,-0.02440802
08/23/2016 00:00:00,-0.02440802
08/23/2016 01:00:00,-0.02440802
08/23/2016 02:00:00,-0.02440802
08/23/2016 03:00:00,-0.02440802
08/23/2016 04:00:00,-0.02440802
08/23/2016 05:00:00,-0.02440802
08/23/2016 06:00:00,-0.02440802
08/23/2016 07:00:00,-0.02440802
08/23/2016 08:00:00,-0.02440802
08/23/2016 09:00:00,-0.02440802
08/23/2016 10:00:00,-0.02440802
08/23/2016 11:00:00,-0.02440802
08/23/2016 12:00:00,-0.02440802
08/23/2016 13:00:00,-0.02440802
08/23/2016 14:00:00,-0.02440802
08/23/2016 15:00:00,-0.02440802
08/23/2016 16:00:00,-0.02440802
08/23/2016 17:00:00,-0.02440802
08/23/2016 18:00:00,-0.02440802
08/23/2016 19:00:00,-0.02440802
08/23/2016 20:00:00,-0.02440802
08/23/2016 21:00:00,-0.02440802
08/23/2016 22:00:00,-0.02440802
08/23/2016 23:00:00,-0.02440802
08/24/2016 00:00:00,-0.02440802
08/24/2016 01:00:00,-0.02440802
08/24/2016 02:00:00,-0.02440802
08/24/2016 03:00:00,-0.02440802
08/24/2016 04:00:00,-0.02440802
08/24/2016 05:00:00,-0.02440802
08/24/2016 06:00:00,-0.02440802
08/24/2016 07:00:00,-0.02440802
08/24/2016 08:00:00,-0.02440802
08/24/2016 09:00:00,-0.02440802
08/24/2016 10:00:00,-0.02440802
08/24/2016 11:00:00,-0.02440802
08/24/2016 12:00:00,-0.02440802
08/24/2016 13:00:00,-0.02440802
08/24/2016 14:00:00,-0.02440802
08/24/2016 15:00:00,-0.02440802
08/24/2016 16:00:00,-0.02440802
08/24/2016 17:00:00,-0.02440802
08/24/2016 18:00:00,-0.02440802
08/24/2016 19:00:00,-0.02440802
08/24/2016 20:00:00,-0.02440802
08/24/2016 21:00:00,-0.02440802
08/24/2016 22:00:00,-0.02440802
08/24/2016 23:00:00,-0.02440802
08/25/2016 00:00:00,-0.02440802
08/25/2016 01:00:00,-0.02440802
08/25/2016 02:00:00,-0.02440802
08/25/2016 03:00:00,-0.02440802
08/25/2016 04:00:00,-0.02440802
08/25/2016 05:00:00,-0.02440802
08/25/2016 06:00:00,-0.02440802
08/25/2016 07:00:00,-0.02440802
08/25/2016 08:00:00,-0.02440802
08/25/2016 09:00:00,-0.02440802
08/25/2016 10:00:00,-0.02440802
08/25/2016 11:00:00,-0.02440802
08/25/2016 12:00:00,-0.02440802
08/25/2016 13:00:00,-0.02440802
08/25/2016 14:00:00,-0.02440802
08/25/2016 15:00:00,-0.02440802
08/25/2016 16:00:00,-0.02440802
08/25/2016 17:00:00,-0.02440802
08/25/2016 18:00:00,-0.02440802
08/25/2016 19:00:00,-0.02440802
08/25/2016 20:00:00,-0.02440802
08/25/2016 21:00:00,-0.02440802
08/25/2016 22:00:00,-0.02440802
08/25/2016 23:00:00,-0.02440802
08/26/2016 00:00:00,-0.02440802
08/26/2016 01:00:00,-0.02440802
08/26/2016 02:00:00,-0.02440802
08/26/2016 03:00:00,-0.02440802
08/26/2016 04:00:00,-0.02440802
08/26/2016 05:00:00,-0.02440802
08/26/2016 06:00:00,-0.02440802
08/26/2016 07:00:00,-0.02440802
08/26/2016 08:00:00,-0.02440802
08/26/2016 09:00:00,-0.02440802
08/26/2016 10:00:00,-0.02440802
08/26/2016 11:00:00,-0.02440802
08/26/2016 12:00:00,-0.02440802
08/26/2016 13:00:00,-0.02440802
08/26/2016 14:00:00,-0.02440802
08/26/2016 15:00:00,-0.02440802
08/26/2016 16:00:00,-0.02440802
08/26/2016 17:00:00,-0.02440802
08/26/2016 18:00:00,-0.02440802
08/26/2016 19:00:00,-0.02440802
08/26/2016 20:00:00,-0.02440802
08/26/2016 21:00:00,-0.02440802
08/26/2016 22:00:00,-0.02440802
08/26/2016 23:00:00,-0.02440802
08/27/2016 00:00:00,-0.02440802
08/27/2016 01:00:00,-0.02440802
08/27/2016 02:00:00,-0.02440802
08/27/2016 03:00:00,-0.02440802
08/27/2016 04:00:00,-0.02440802
08/27/2016 05:00:00,-0.02440802
08/27/2016 06:00:00,-0.02440802
08/27/2016 07:00:00,-0.02440802
08/27/2016 08:00:00,-0.02440802
08/27/2016 09:00:00,-0.02440802
08/27/2016 10:00:00,-0.02440802
08/27/2016 11:00:00,-0.02440802
08/27/2016 12:00:00,-0.02440802
08/27/2016 13:00:00,-0.02440802
08/27/2016 14:00:00,-0.02440802
08/27/2016 15:00:00,-0.02440802
08/27/2016 16:00:00,-0.02440802
08/27/2016 17:00:00,-0.02440802
08/27/2016 18:00:00,-0.02440802
08/27/2016 19:00:00,-0.02440802
08/27/2016 20:00:00,-0.02440802
08/27/2016 21:00:00,-0.02440802
08/27/2016 22:00:00,-0.02440802
08/27/2016 23:00:00,-0.02440802
08/28/2016 00:00:00,-0.02440802
08/28/2016 01:00:00,-0.02440802
08/28/2016 02:00:00,-0.02440802
08/28/2016 03:00:00,-0.02440802
08/28/2016 04:00:00,-0.02440802
08/28/2016 05:00:00,-0.02440802
08/28/2016 06:00:00,-0.02440802
08/28/2016 07:00:00,-0.02440802
08/28/2016 08:00:00,-0.02440802
08/28/2016 09:00:00,-0.02440802
08/28/2016 10:00:00,-0.02440802
08/28/2016 11:00:00,-0.02440802
08/28/2016 12:00:00,-0.02440802
08/28/2016 13:00:00,-0.02440802
08/28/2016 14:00:00,-0.02440802
08/28/2016 15:00:00,-0.02440802
08/28/2016 16:00:00,-0.02440802
08/28/2016 17:00:00,-0.02440802
08/28/2016 18:00:00,-0.02440802
08/28/2016 19:00:00,-0.02440802
08/28/2016 20:00:00,-0.02440802
08/28/2016 21:00:00,-0.02440802
08/28/2016 22:00:00,-0.02440802
08/28/2016 23:00:00,-0.02440802
08/29/2016 00:00:00,-0.02440802
08/29/2016 01:00:00,-0.02440802
08/29/2016 02:00:00,-0.02440802
08/29/2016 03:00:00,-0.02440802
08/29/2016 04:00:00,-0.02440802
08/29/2016 05:00:00,-0.02440802
08/29/2016 06:00:00,-0.02440802
08/29/2016 07:00:00,-0.02440802
08/29/2016 08:00:00,-0.02440802
08/29/2016 09:00:00,-0.02440802
08/29/2016 10:00:00,-0.02440802
08/29/2016 11:00:00,-0.02440802
08/29/2016 12:00:00,-0.02440802
08/29/2016 13:00:00,-0.02440802
08/29/2016 14:00:00,-0.02440802
08/29/2016 15:00:00,-0.02440802
08/29/2016 16:00:00,-0.02440802
08/29/2016 17:00:00,-0.02440802
08/29/2016 18:00:00,-0.02440802
08/29/2016 19:00:00,-0.02440802
08/29/2016 20:00:00,-0.02440802
08/29/2016 21:00:00,-0.02440802
08/29/2016 22:00:00,-0.02440802
08/29/2016 23:00:00,-0.02440802
08/30/2016 00:00:00,-0.02440802
08/30/2016 01:00:00,-0.02440802
08/30/2016 02:00:00,-0.02440802
08/30/2016 03:00:00,-0.02440802
08/30/2016 04:00:00,-0.02440802
08/30/2016 05:00:00,-0.02440802
08/30/2016 06:00:00,-0.02440802
08/30/2016 07:00:00,-0.02440802
08/30/2016 08:00:00,-0.02440802
08/30/2016 09:00:00,-0.02440802
08/30/2016 10:00:00,-0.02440802
08/30/2016 11:00:00,-0.02440802
08/30/2016 12:00:00,-0.02440802
08/30/2016 13:00:00,-0.02440802
08/30/2016 14:00:00,-0.02440802
08/30/2016 15:00:00,-0.02440802
08/30/2016 16:00:00,-0.02440802
08/30/2016 17:00:00,-0.02440802
08/30/2016 18:00:00,-0.02440802
08/30/2016 19:00:00,-0.02440802
08/30/2016 20:00:00,-0.02440802
08/30/2016 21:00:00,-0.02440802
08/30/2016 22:00:00,-0.02440802
08/30/2016 23:00:00,-0.02440802
08/31/2016 00:00:00,-0.02440802
08/31/2016 01:00:00,-0.02440802
08/31/2016 02:00:00,-0.02440802
08/31/2016 03:00:00,-0.02440802
08/31/2016 04:00:00,-0.02440802
08/31/2016 05:00:00,-0.02440802
08/31/2016 06:00:00,-0.02440802
08/31/2016 07:00:00,-0.02440802
08/31/2016 08:00:00,-0.02440802
08/31/2016 09:00:00,-0.02440802
08/31/2016 10:00:00,-0.02440802
08/31/2016 11:00:00,-0.02440802
08/31/2016 12:00:00,-0.02440802
08/31/2016 13:00:00,-0.02440802
08/31/2016 14:00:00,-0.02440802
08/31/2016 15:00:00,-0.02440802
08/31/2016 16:00:00,-0.02440802
08/31/2016 17:00:00,-0.02440802
08/31/2016 18:00:00,-0.02440802
08/31/2016 19:00:00,-0.02440802
08/31/2016 20:00:00,-0.02440802
08/31/2016 21:00:00,-0.02440802
08/31/2016 22:00:00,-0.02440802
08/31/2016 23:00:00,-0.02440802
09/01/2016 00:00:00,-0.011103858
09/01/2016 01:00:00,-0.011103858
09/01/2016 02:00:00,-0.011103858
09/01/2016 03:00:00,-0.011103858
09/01/2016 04:00:00,-0.011103858
09/01/2016 05:00:00,-0.011103858
09/01/2016 06:00:00,-0.011103858
09/01/2016 07:00:00,-0.011103858
09/01/2016 08:00:00,-0.011103858
09/01/2016 09:00:00,-0.011103858
09/01/2016 10:00:00,-0.011103858
09/01/2016 11:00:00,-0.011103858
09/01/2016 12:00:00,-0.011103858
09/01/2016 13:00:00,-0.011103858
09/01/2016 14:00:00,-0.011103858
09/01/2016 15:00:00,-0.011103858
09/01/2016 16:00:00,-0.011103858
09/01/2016 17:00:00,-0.011103858
09/01/2016 18:00:00,-0.011103858
09/01/2016 19:00:00,-0.011103858
09/01/2016 20:00:00,-0.011103858
09/01/2016 21:00:00,-0.011103858
09/01/2016 22:00:00,-0.011103858
09/01/2016 23:00:00,-0.011103858
09/02/2016 00:00:00,-0.011103858
09/02/2016 01:00:00,-0.011103858
09/02/2016 02:00:00,-0.011103858
09/02/2016 03:00:00,-0.011103858
09/02/2016 04:00:00,-0.011103858
09/02/2016 05:00:00,-0.011103858
09/02/2016 06:00:00,-0.011103858
09/02/2016 07:00:00,-0.011103858
09/02/2016 08:00:00,-0.011103858
09/02/2016 09:00:00,-0.011103858
09/02/2016 10:00:00,-0.011103858
09/02/2016 11:00:00,-0.011103858
09/02/2016 12:00:00,-0.011103858
09/02/2016 13:00:00,-0.011103858
09/02/2016 14:00:00,-0.011103858
09/02/2016 15:00:00,-0.011103858
09/02/2016 16:00:00,-0.011103858
09/02/2016 17:00:00,-0.011103858
09/02/2016 18:00:00,-0.011103858
09/02/2016 19:00:00,-0.011103858
09/02/2016 20:00:00,-0.011103858
09/02/2016 21:00:00,-0.011103858
09/02/2016 22:00:00,-0.011103858
09/02/2016 23:00:00,-0.011103858
09/03/2016 00:00:00,-0.011103858
09/03/2016 01:00:00,-0.011103858
09/03/2016 02:00:00,-0.011103858
09/03/2016 03:00:00,-0.011103858
09/03/2016 04:00:00,-0.011103858
09/03/2016 05:00:00,-0.011103858
09/03/2016 06:00:00,-0.011103858
09/03/2016 07:00:00,-0.011103858
09/03/2016 08:00:00,-0.011103858
09/03/2016 09:00:00,-0.011103858
09/03/2016 10:00:00,-0.011103858
09/03/2016 11:00:00,-0.011103858
09/03/2016 12:00:00,-0.011103858
09/03/2016 13:00:00,-0.011103858
09/03/2016 14:00:00,-0.011103858
09/03/2016 15:00:00,-0.011103858
09/03/2016 16:00:00,-0.011103858
09/03/2016 17:00:00,-0.011103858
09/03/2016 18:00:00,-0.011103858
09/03/2016 19:00:00,-0.011103858
09/03/2016 20:00:00,-0.011103858
09/03/2016 21:00:00,-0.011103858
09/03/2016 22:00:00,-0.011103858
09/03/2016 23:00:00,-0.011103858
09/04/2016 00:00:00,-0.011103858
09/04/2016 01:00:00,-0.011103858
09/04/2016 02:00:00,-0.011103858
09/04/2016 03:00:00,-0.011103858
09/04/2016 04:00:00,-0.011103858
09/04/2016 05:00:00,-0.011103858
09/04/2016 06:00:00,-0.011103858
09/04/2016 07:00:00,-0.011103858
09/04/2016 08:00:00,-0.011103858
09/04/2016 09:00:00,-0.011103858
09/04/2016 10:00:00,-0.011103858
09/04/2016 11:00:00,-0.011103858
09/04/2016 12:00:00,-0.011103858
09/04/2016 13:00:00,-0.011103858
09/04/2016 14:00:00,-0.011103858
09/04/2016 15:00:00,-0.011103858
09/04/2016 16:00:00,-0.011103858
09/04/2016 17:00:00,-0.011103858
09/04/2016 18:00:00,-0.011103858
09/04/2016 19:00:00,-0.011103858
09/04/2016 20:00:00,-0.011103858
09/04/2016 21:00:00,-0.011103858
09/04/2016 22:00:00,-0.011103858
09/04/2016 23:00:00,-0.011103858
09/05/2016 00:00:00,-0.011103858
09/05/2016 01:00:00,-0.011103858
09/05/2016 02:00:00,-0.011103858
09/05/2016 03:00:00,-0.011103858
09/05/2016 04:00:00,-0.011103858
09/05/2016 05:00:00,-0.011103858
09/05/2016 06:00:00,-0.011103858
09/05/2016 07:00:00,-0.011103858
09/05/2016 08:00:00,-0.011103858
09/05/2016 09:00:00,-0.011103858
09/05/2016 10:00:00,-0.011103858
09/05/2016 11:00:00,-0.011103858
09/05/2016 12:00:00,-0.011103858
09/05/2016 13:00:00,-0.011103858
09/05/2016 14:00:00,-0.011103858
09/05/2016 15:00:00,-0.011103858
09/05/2016 16:00:00,-0.011103858
09/05/2016 17:00:00,-0.011103858
09/05/2016 18:00:00,-0.011103858
09/05/2016 19:00:00,-0.011103858
09/05/2016 20:00:00,-0.011103858
09/05/2016 21:00:00,-0.011103858
09/05/2016 22:00:00,-0.011103858
09/05/2016 23:00:00,-0.011103858
09/06/2016 00:00:00,-0.011103858
09/06/2016 01:00:00,-0.011103858
09/06/2016 02:00:00,-0.011103858
09/06/2016 03:00:00,-0.011103858
09/06/2016 04:00:00,-0.011103858
09/06/2016 05:00:00,-0.011103858
09/06/2016 06:00:00,-0.011103858
09/06/2016 07:00:00,-0.011103858
09/06/2016 08:00:00,-0.011103858
09/06/2016 09:00:00,-0.011103858
09/06/2016 10:00:00,-0.011103858
09/06/2016 11:00:00,-0.011103858
09/06/2016 12:00:00,-0.011103858
09/06/2016 13:00:00,-0.011103858
09/06/2016 14:00:00,-0.011103858
09/06/2016 15:00:00,-0.011103858
09/06/2016 16:00:00,-0.011103858
09/06/2016 17:00:00,-0.011103858
09/06/2016 18:00:00,-0.011103858
09/06/2016 19:00:00,-0.011103858
09/06/2016 20:00:00,-0.011103858
09/06/2016 21:00:00,-0.011103858
09/06/2016 22:00:00,-0.011103858
09/06/2016 23:00:00,-0.011103858
09/07/2016 00:00:00,-0.011103858
09/07/2016 01:00:00,-0.011103858
09/07/2016 02:00:00,-0.011103858
09/07/2016 03:00:00,-0.011103858
09/07/2016 04:00:00,-0.011103858
09/07/2016 05:00:00,-0.011103858
09/07/2016 06:00:00,-0.011103858
09/07/2016 07:00:00,-0.011103858
09/07/2016 08:00:00,-0.011103858
09/07/2016 09:00:00,-0.011103858
09/07/2016 10:00:00,-0.011103858
09/07/2016 11:00:00,-0.011103858
09/07/2016 12:00:00,-0.011103858
09/07/2016 13:00:00,-0.011103858
09/07/2016 14:00:00,-0.011103858
09/07/2016 15:00:00,-0.011103858
09/07/2016 16:00:00,-0.011103858
09/07/2016 17:00:00,-0.011103858
09/07/2016 18:00:00,-0.011103858
09/07/2016 19:00:00,-0.011103858
09/07/2016 20:00:00,-0.011103858
09/07/2016 21:00:00,-0.011103858
09/07/2016 22:00:00,-0.011103858
09/07/2016 23:00:00,-0.011103858
09/08/2016 00:00:00,-0.011103858
09/08/2016 01:00:00,-0.011103858
09/08/2016 02:00:00,-0.011103858
09/08/2016 03:00:00,-0.011103858
09/08/2016 04:00:00,-0.011103858
09/08/2016 05:00:00,-0.011103858
09/08/2016 06:00:00,-0.011103858
09/08/2016 07:00:00,-0.011103858
09/08/2016 08:00:00,-0.011103858
09/08/2016 09:00:00,-0.011103858
09/08/2016 10:00:00,-0.011103858
09/08/2016 11:00:00,-0.011103858
09/08/2016 12:00:00,-0.011103858
09/08/2016 13:00:00,-0.011103858
09/08/2016 14:00:00,-0.011103858
09/08/2016 15:00:00,-0.011103858
09/08/2016 16:00:00,-0.011103858
09/08/2016 17:00:00,-0.011103858
09/08/2016 18:00:00,-0.011103858
09/08/2016 19:00:00,-0.011103858
09/08/2016 20:00:00,-0.011103858
09/08/2016 21:00:00,-0.011103858
09/08/2016 22:00:00,-0.011103858
09/08/2016 23:00:00,-0.011103858
09/09/2016 00:00:00,-0.011103858
09/09/2016 01:00:00,-0.011103858
09/09/2016 02:00:00,-0.011103858
09/09/2016 03:00:00,-0.011103858
09/09/2016 04:00:00,-0.011103858
09/09/2016 05:00:00,-0.011103858
09/09/2016 06:00:00,-0.011103858
09/09/2016 07:00:00,-0.011103858
09/09/2016 08:00:00,-0.011103858
09/09/2016 09:00:00,-0.011103858
09/09/2016 10:00:00,-0.011103858
09/09/2016 11:00:00,-0.011103858
09/09/2016 12:00:00,-0.011103858
09/09/2016 13:00:00,-0.011103858
09/09/2016 14:00:00,-0.011103858
09/09/2016 15:00:00,-0.011103858
09/09/2016 16:00:00,-0.011103858
09/09/2016 17:00:00,-0.011103858
09/09/2016 18:00:00,-0.011103858
09/09/2016 19:00:00,-0.011103858
09/09/2016 20:00:00,-0.011103858
09/09/2016 21:00:00,-0.011103858
09/09/2016 22:00:00,-0.011103858
09/09/2016 23:00:00,-0.011103858
09/10/2016 00:00:00,-0.011103858
09/10/2016 01:00:00,-0.011103858
09/10/2016 02:00:00,-0.011103858
09/10/2016 03:00:00,-0.011103858
09/10/2016 04:00:00,-0.011103858
09/10/2016 05:00:00,-0.011103858
09/10/2016 06:00:00,-0.011103858
09/10/2016 07:00:00,-0.011103858
09/10/2016 08:00:00,-0.011103858
09/10/2016 09:00:00,-0.011103858
09/10/2016 10:00:00,-0.011103858
09/10/2016 11:00:00,-0.011103858
09/10/2016 12:00:00,-0.011103858
09/10/2016 13:00:00,-0.011103858
09/10/2016 14:00:00,-0.011103858
09/10/2016 15:00:00,-0.011103858
09/10/2016 16:00:00,-0.011103858
09/10/2016 17:00:00,-0.011103858
09/10/2016 18:00:00,-0.011103858
09/10/2016 19:00:00,-0.011103858
09/10/2016 20:00:00,-0.011103858
09/10/2016 21:00:00,-0.011103858
09/10/2016 22:00:00,-0.011103858
09/10/2016 23:00:00,-0.011103858
09/11/2016 00:00:00,-0.011103858
09/11/2016 01:00:00,-0.011103858
09/11/2016 02:00:00,-0.011103858
09/11/2016 03:00:00,-0.011103858
09/11/2016 04:00:00,-0.011103858
09/11/2016 05:00:00,-0.011103858
09/11/2016 06:00:00,-0.011103858
09/11/2016 07:00:00,-0.011103858
09/11/2016 08:00:00,-0.011103858
09/11/2016 09:00:00,-0.011103858
09/11/2016 10:00:00,-0.011103858
09/11/2016 11:00:00,-0.011103858
09/11/2016 12:00:00,-0.011103858
09/11/2016 13:00:00,-0.011103858
09/11/2016 14:00:00,-0.011103858
09/11/2016 15:00:00,-0.011103858
09/11/2016 16:00:00,-0.011103858
09/11/2016 17:00:00,-0.011103858
09/11/2016 18:00:00,-0.011103858
09/11/2016 19:00:00,-0.011103858
09/11/2016 20:00:00,-0.011103858
09/11/2016 21:00:00,-0.011103858
09/11/2016 22:00:00,-0.011103858
09/11/2016 23:00:00,-0.011103858
09/12/2016 00:00:00,-0.011103858
09/12/2016 01:00:00,-0.011103858
09/12/2016 02:00:00,-0.011103858
09/12/2016 03:00:00,-0.011103858
09/12/2016 04:00:00,-0.011103858
09/12/2016 05:00:00,-0.011103858
09/12/2016 06:00:00,-0.011103858
09/12/2016 07:00:00,-0.011103858
09/12/2016 08:00:00,-0.011103858
09/12/2016 09:00:00,-0.011103858
09/12/2016 10:00:00,-0.011103858
09/12/2016 11:00:00,-0.011103858
09/12/2016 12:00:00,-0.011103858
09/12/2016 13:00:00,-0.011103858
09/12/2016 14:00:00,-0.011103858
09/12/2016 15:00:00,-0.011103858
09/12/2016 16:00:00,-0.011103858
09/12/2016 17:00:00,-0.011103858
09/12/2016 18:00:00,-0.011103858
09/12/2016 19:00:00,-0.011103858
09/12/2016 20:00:00,-0.011103858
09/12/2016 21:00:00,-0.011103858
09/12/2016 22:00:00,-0.011103858
09/12/2016 23:00:00,-0.011103858
09/13/2016 00:00:00,-0.011103858
09/13/2016 01:00:00,-0.011103858
09/13/2016 02:00:00,-0.011103858
09/13/2016 03:00:00,-0.011103858
09/13/2016 04:00:00,-0.011103858
09/13/2016 05:00:00,-0.011103858
09/13/2016 06:00:00,-0.011103858
09/13/2016 07:00:00,-0.011103858
09/13/2016 08:00:00,-0.011103858
09/13/2016 09:00:00,-0.011103858
09/13/2016 10:00:00,-0.011103858
09/13/2016 11:00:00,-0.011103858
09/13/2016 12:00:00,-0.011103858
09/13/2016 13:00:00,-0.011103858
09/13/2016 14:00:00,-0.011103858
09/13/2016 15:00:00,-0.011103858
09/13/2016 16:00:00,-0.011103858
09/13/2016 17:00:00,-0.011103858
09/13/2016 18:00:00,-0.011103858
09/13/2016 19:00:00,-0.011103858
09/13/2016 20:00:00,-0.011103858
09/13/2016 21:00:00,-0.011103858
09/13/2016 22:00:00,-0.011103858
09/13/2016 23:00:00,-0.011103858
09/14/2016 00:00:00,-0.011103858
09/14/2016 01:00:00,-0.011103858
09/14/2016 02:00:00,-0.011103858
09/14/2016 03:00:00,-0.011103858
09/14/2016 04:00:00,-0.011103858
09/14/2016 05:00:00,-0.011103858
09/14/2016 06:00:00,-0.011103858
09/14/2016 07:00:00,-0.011103858
09/14/2016 08:00:00,-0.011103858
09/14/2016 09:00:00,-0.011103858
09/14/2016 10:00:00,-0.011103858
09/14/2016 11:00:00,-0.011103858
09/14/2016 12:00:00,-0.011103858
09/14/2016 13:00:00,-0.011103858
09/14/2016 14:00:00,-0.011103858
09/14/2016 15:00:00,-0.011103858
09/14/2016 16:00:00,-0.011103858
09/14/2016 17:00:00,-0.011103858
09/14/2016 18:00:00,-0.011103858
09/14/2016 19:00:00,-0.011103858
09/14/2016 20:00:00,-0.011103858
09/14/2016 21:00:00,-0.011103858
09/14/2016 22:00:00,-0.011103858
09/14/2016 23:00:00,-0.011103858
09/15/2016 00:00:00,-0.011103858
09/15/2016 01:00:00,-0.011103858
09/15/2016 02:00:00,-0.011103858
09/15/2016 03:00:00,-0.011103858
09/15/2016 04:00:00,-0.011103858
09/15/2016 05:00:00,-0.011103858
09/15/2016 06:00:00,-0.011103858
09/15/2016 07:00:00,-0.011103858
09/15/2016 08:00:00,-0.011103858
09/15/2016 09:00:00,-0.011103858
09/15/2016 10:00:00,-0.011103858
09/15/2016 11:00:00,-0.011103858
09/15/2016 12:00:00,-0.011103858
09/15/2016 13:00:00,-0.011103858
09/15/2016 14:00:00,-0.011103858
09/15/2016 15:00:00,-0.011103858
09/15/2016 16:00:00,-0.011103858
09/15/2016 17:00:00,-0.011103858
09/15/2016 18:00:00,-0.011103858
09/15/2016 19:00:00,-0.011103858
09/15/2016 20:00:00,-0.011103858
09/15/2016 21:00:00,-0.011103858
09/15/2016 22:00:00,-0.011103858
09/15/2016 23:00:00,-0.011103858
09/16/2016 00:00:00,-0.011103858
09/16/2016 01:00:00,-0.011103858
09/16/2016 02:00:00,-0.011103858
09/16/2016 03:00:00,-0.011103858
09/16/2016 04:00:00,-0.011103858
09/16/2016 05:00:00,-0.011103858
09/16/2016 06:00:00,-0.011103858
09/16/2016 07:00:00,-0.011103858
09/16/2016 08:00:00,-0.011103858
09/16/2016 09:00:00,-0.011103858
09/16/2016 10:00:00,-0.011103858
09/16/2016 11:00:00,-0.011103858
09/16/2016 12:00:00,-0.011103858
09/16/2016 13:00:00,-0.011103858
09/16/2016 14:00:00,-0.011103858
09/16/2016 15:00:00,-0.011103858
09/16/2016 16:00:00,-0.011103858
09/16/2016 17:00:00,-0.011103858
09/16/2016 18:00:00,-0.011103858
09/16/2016 19:00:00,-0.011103858
09/16/2016 20:00:00,-0.011103858
09/16/2016 21:00:00,-0.011103858
09/16/2016 22:00:00,-0.011103858
09/16/2016 23:00:00,-0.011103858
09/17/2016 00:00:00,-0.011103858
09/17/2016 01:00:00,-0.011103858
09/17/2016 02:00:00,-0.011103858
09/17/2016 03:00:00,-0.011103858
09/17/2016 04:00:00,-0.011103858
09/17/2016 05:00:00,-0.011103858
09/17/2016 06:00:00,-0.011103858
09/17/2016 07:00:00,-0.011103858
09/17/2016 08:00:00,-0.011103858
09/17/2016 09:00:00,-0.011103858
09/17/2016 10:00:00,-0.011103858
09/17/2016 11:00:00,-0.011103858
09/17/2016 12:00:00,-0.011103858
09/17/2016 13:00:00,-0.011103858
09/17/2016 14:00:00,-0.011103858
09/17/2016 15:00:00,-0.011103858
09/17/2016 16:00:00,-0.011103858
09/17/2016 17:00:00,-0.011103858
09/17/2016 18:00:00,-0.011103858
09/17/2016 19:00:00,-0.011103858
09/17/2016 20:00:00,-0.011103858
09/17/2016 21:00:00,-0.011103858
09/17/2016 22:00:00,-0.011103858
09/17/2016 23:00:00,-0.011103858
09/18/2016 00:00:00,-0.011103858
09/18/2016 01:00:00,-0.011103858
09/18/2016 02:00:00,-0.011103858
09/18/2016 03:00:00,-0.011103858
09/18/2016 04:00:00,-0.011103858
09/18/2016 05:00:00,-0.011103858
09/18/2016 06:00:00,-0.011103858
09/18/2016 07:00:00,-0.011103858
09/18/2016 08:00:00,-0.011103858
09/18/2016 09:00:00,-0.011103858
09/18/2016 10:00:00,-0.011103858
09/18/2016 11:00:00,-0.011103858
09/18/2016 12:00:00,-0.011103858
09/18/2016 13:00:00,-0.011103858
09/18/2016 14:00:00,-0.011103858
09/18/2016 15:00:00,-0.011103858
09/18/2016 16:00:00,-0.011103858
09/18/2016 17:00:00,-0.011103858
09/18/2016 18:00:00,-0.011103858
09/18/2016 19:00:00,-0.011103858
09/18/2016 20:00:00,-0.011103858
09/18/2016 21:00:00,-0.011103858
09/18/2016 22:00:00,-0.011103858
09/18/2016 23:00:00,-0.011103858
09/19/2016 00:00:00,-0.011103858
09/19/2016 01:00:00,-0.011103858
09/19/2016 02:00:00,-0.011103858
09/19/2016 03:00:00,-0.011103858
09/19/2016 04:00:00,-0.011103858
09/19/2016 05:00:00,-0.011103858
09/19/2016 06:00:00,-0.011103858
09/19/2016 07:00:00,-0.011103858
09/19/2016 08:00:00,-0.011103858
09/19/2016 09:00:00,-0.011103858
09/19/2016 10:00:00,-0.011103858
09/19/2016 11:00:00,-0.011103858
09/19/2016 12:00:00,-0.011103858
09/19/2016 13:00:00,-0.011103858
09/19/2016 14:00:00,-0.011103858
09/19/2016 15:00:00,-0.011103858
09/19/2016 16:00:00,-0.011103858
09/19/2016 17:00:00,-0.011103858
09/19/2016 18:00:00,-0.011103858
09/19/2016 19:00:00,-0.011103858
09/19/2016 20:00:00,-0.011103858
09/19/2016 21:00:00,-0.011103858
09/19/2016 22:00:00,-0.011103858
09/19/2016 23:00:00,-0.011103858
09/20/2016 00:00:00,-0.011103858
09/20/2016 01:00:00,-0.011103858
09/20/2016 02:00:00,-0.011103858
09/20/2016 03:00:00,-0.011103858
09/20/2016 04:00:00,-0.011103858
09/20/2016 05:00:00,-0.011103858
09/20/2016 06:00:00,-0.011103858
09/20/2016 07:00:00,-0.011103858
09/20/2016 08:00:00,-0.011103858
09/20/2016 09:00:00,-0.011103858
09/20/2016 10:00:00,-0.011103858
09/20/2016 11:00:00,-0.011103858
09/20/2016 12:00:00,-0.011103858
09/20/2016 13:00:00,-0.011103858
09/20/2016 14:00:00,-0.011103858
09/20/2016 15:00:00,-0.011103858
09/20/2016 16:00:00,-0.011103858
09/20/2016 17:00:00,-0.011103858
09/20/2016 18:00:00,-0.011103858
09/20/2016 19:00:00,-0.011103858
09/20/2016 20:00:00,-0.011103858
09/20/2016 21:00:00,-0.011103858
09/20/2016 22:00:00,-0.011103858
09/20/2016 23:00:00,-0.011103858
09/21/2016 00:00:00,-0.011103858
09/21/2016 01:00:00,-0.011103858
09/21/2016 02:00:00,-0.011103858
09/21/2016 03:00:00,-0.011103858
09/21/2016 04:00:00,-0.011103858
09/21/2016 05:00:00,-0.011103858
09/21/2016 06:00:00,-0.011103858
09/21/2016 07:00:00,-0.011103858
09/21/2016 08:00:00,-0.011103858
09/21/2016 09:00:00,-0.011103858
09/21/2016 10:00:00,-0.011103858
09/21/2016 11:00:00,-0.011103858
09/21/2016 12:00:00,-0.011103858
09/21/2016 13:00:00,-0.011103858
09/21/2016 14:00:00,-0.011103858
09/21/2016 15:00:00,-0.011103858
09/21/2016 16:00:00,-0.011103858
09/21/2016 17:00:00,-0.011103858
09/21/2016 18:00:00,-0.011103858
09/21/2016 19:00:00,-0.011103858
09/21/2016 20:00:00,-0.011103858
09/21/2016 21:00:00,-0.011103858
09/21/2016 22:00:00,-0.011103858
09/21/2016 23:00:00,-0.011103858
09/22/2016 00:00:00,-0.011103858
09/22/2016 01:00:00,-0.011103858
09/22/2016 02:00:00,-0.011103858
09/22/2016 03:00:00,-0.011103858
09/22/2016 04:00:00,-0.011103858
09/22/2016 05:00:00,-0.011103858
09/22/2016 06:00:00,-0.011103858
09/22/2016 07:00:00,-0.011103858
09/22/2016 08:00:00,-0.011103858
09/22/2016 09:00:00,-0.011103858
09/22/2016 10:00:00,-0.011103858
09/22/2016 11:00:00,-0.011103858
09/22/2016 12:00:00,-0.011103858
09/22/2016 13:00:00,-0.011103858
09/22/2016 14:00:00,-0.011103858
09/22/2016 15:00:00,-0.011103858
09/22/2016 16:00:00,-0.011103858
09/22/2016 17:00:00,-0.011103858
09/22/2016 18:00:00,-0.011103858
09/22/2016 19:00:00,-0.011103858
09/22/2016 20:00:00,-0.011103858
09/22/2016 21:00:00,-0.011103858
09/22/2016 22:00:00,-0.011103858
09/22/2016 23:00:00,-0.011103858
09/23/2016 00:00:00,-0.011103858
09/23/2016 01:00:00,-0.011103858
09/23/2016 02:00:00,-0.011103858
09/23/2016 03:00:00,-0.011103858
09/23/2016 04:00:00,-0.011103858
09/23/2016 05:00:00,-0.011103858
09/23/2016 06:00:00,-0.011103858
09/23/2016 07:00:00,-0.011103858
09/23/2016 08:00:00,-0.011103858
09/23/2016 09:00:00,-0.011103858
09/23/2016 10:00:00,-0.011103858
09/23/2016 11:00:00,-0.011103858
09/23/2016 12:00:00,-0.011103858
09/23/2016 13:00:00,-0.011103858
09/23/2016 14:00:00,-0.011103858
09/23/2016 15:00:00,-0.011103858
09/23/2016 16:00:00,-0.011103858
09/23/2016 17:00:00,-0.011103858
09/23/2016 18:00:00,-0.011103858
09/23/2016 19:00:00,-0.011103858
09/23/2016 20:00:00,-0.011103858
09/23/2016 21:00:00,-0.011103858
09/23/2016 22:00:00,-0.011103858
09/23/2016 23:00:00,-0.011103858
09/24/2016 00:00:00,-0.011103858
09/24/2016 01:00:00,-0.011103858
09/24/2016 02:00:00,-0.011103858
09/24/2016 03:00:00,-0.011103858
09/24/2016 04:00:00,-0.011103858
09/24/2016 05:00:00,-0.011103858
09/24/2016 06:00:00,-0.011103858
09/24/2016 07:00:00,-0.011103858
09/24/2016 08:00:00,-0.011103858
09/24/2016 09:00:00,-0.011103858
09/24/2016 10:00:00,-0.011103858
09/24/2016 11:00:00,-0.011103858
09/24/2016 12:00:00,-0.011103858
09/24/2016 13:00:00,-0.011103858
09/24/2016 14:00:00,-0.011103858
09/24/2016 15:00:00,-0.011103858
09/24/2016 16:00:00,-0.011103858
09/24/2016 17:00:00,-0.011103858
09/24/2016 18:00:00,-0.011103858
09/24/2016 19:00:00,-0.011103858
09/24/2016 20:00:00,-0.011103858
09/24/2016 21:00:00,-0.011103858
09/24/2016 22:00:00,-0.011103858
09/24/2016 23:00:00,-0.011103858
09/25/2016 00:00:00,-0.011103858
09/25/2016 01:00:00,-0.011103858
09/25/2016 02:00:00,-0.011103858
09/25/2016 03:00:00,-0.011103858
09/25/2016 04:00:00,-0.011103858
09/25/2016 05:00:00,-0.011103858
09/25/2016 06:00:00,-0.011103858
09/25/2016 07:00:00,-0.011103858
09/25/2016 08:00:00,-0.011103858
09/25/2016 09:00:00,-0.011103858
09/25/2016 10:00:00,-0.011103858
09/25/2016 11:00:00,-0.011103858
09/25/2016 12:00:00,-0.011103858
09/25/2016 13:00:00,-0.011103858
09/25/2016 14:00:00,-0.011103858
09/25/2016 15:00:00,-0.011103858
09/25/2016 16:00:00,-0.011103858
09/25/2016 17:00:00,-0.011103858
09/25/2016 18:00:00,-0.011103858
09/25/2016 19:00:00,-0.011103858
09/25/2016 20:00:00,-0.011103858
09/25/2016 21:00:00,-0.011103858
09/25/2016 22:00:00,-0.011103858
09/25/2016 23:00:00,-0.011103858
09/26/2016 00:00:00,-0.011103858
09/26/2016 01:00:00,-0.011103858
09/26/2016 02:00:00,-0.011103858
09/26/2016 03:00:00,-0.011103858
09/26/2016 04:00:00,-0.011103858
09/26/2016 05:00:00,-0.011103858
09/26/2016 06:00:00,-0.011103858
09/26/2016 07:00:00,-0.011103858
09/26/2016 08:00:00,-0.011103858
09/26/2016 09:00:00,-0.011103858
09/26/2016 10:00:00,-0.011103858
09/26/2016 11:00:00,-0.011103858
09/26/2016 12:00:00,-0.011103858
09/26/2016 13:00:00,-0.011103858
09/26/2016 14:00:00,-0.011103858
09/26/2016 15:00:00,-0.011103858
09/26/2016 16:00:00,-0.011103858
09/26/2016 17:00:00,-0.011103858
09/26/2016 18:00:00,-0.011103858
09/26/2016 19:00:00,-0.011103858
09/26/2016 20:00:00,-0.011103858
09/26/2016 21:00:00,-0.011103858
09/26/2016 22:00:00,-0.011103858
09/26/2016 23:00:00,-0.011103858
09/27/2016 00:00:00,-0.011103858
09/27/2016 01:00:00,-0.011103858
09/27/2016 02:00:00,-0.011103858
09/27/2016 03:00:00,-0.011103858
09/27/2016 04:00:00,-0.011103858
09/27/2016 05:00:00,-0.011103858
09/27/2016 06:00:00,-0.011103858
09/27/2016 07:00:00,-0.011103858
09/27/2016 08:00:00,-0.011103858
09/27/2016 09:00:00,-0.011103858
09/27/2016 10:00:00,-0.011103858
09/27/2016 11:00:00,-0.011103858
09/27/2016 12:00:00,-0.011103858
09/27/2016 13:00:00,-0.011103858
09/27/2016 14:00:00,-0.011103858
09/27/2016 15:00:00,-0.011103858
09/27/2016 16:00:00,-0.011103858
09/27/2016 17:00:00,-0.011103858
09/27/2016 18:00:00,-0.011103858
09/27/2016 19:00:00,-0.011103858
09/27/2016 20:00:00,-0.011103858
09/27/2016 21:00:00,-0.011103858
09/27/2016 22:00:00,-0.011103858
09/27/2016 23:00:00,-0.011103858
09/28/2016 00:00:00,-0.011103858
09/28/2016 01:00:00,-0.011103858
09/28/2016 02:00:00,-0.011103858
09/28/2016 03:00:00,-0.011103858
09/28/2016 04:00:00,-0.011103858
09/28/2016 05:00:00,-0.011103858
09/28/2016 06:00:00,-0.011103858
09/28/2016 07:00:00,-0.011103858
09/28/2016 08:00:00,-0.011103858
09/28/2016 09:00:00,-0.011103858
09/28/2016 10:00:00,-0.011103858
09/28/2016 11:00:00,-0.011103858
09/28/2016 12:00:00,-0.011103858
09/28/2016 13:00:00,-0.011103858
09/28/2016 14:00:00,-0.011103858
09/28/2016 15:00:00,-0.011103858
09/28/2016 16:00:00,-0.011103858
09/28/2016 17:00:00,-0.011103858
09/28/2016 18:00:00,-0.011103858
09/28/2016 19:00:00,-0.011103858
09/28/2016 20:00:00,-0.011103858
09/28/2016 21:00:00,-0.011103858
09/28/2016 22:00:00,-0.011103858
09/28/2016 23:00:00,-0.011103858
09/29/2016 00:00:00,-0.011103858
09/29/2016 01:00:00,-0.011103858
09/29/2016 02:00:00,-0.011103858
09/29/2016 03:00:00,-0.011103858
09/29/2016 04:00:00,-0.011103858
09/29/2016 05:00:00,-0.011103858
09/29/2016 06:00:00,-0.011103858
09/29/2016 07:00:00,-0.011103858
09/29/2016 08:00:00,-0.011103858
09/29/2016 09:00:00,-0.011103858
09/29/2016 10:00:00,-0.011103858
09/29/2016 11:00:00,-0.011103858
09/29/2016 12:00:00,-0.011103858
09/29/2016 13:00:00,-0.011103858
09/29/2016 14:00:00,-0.011103858
09/29/2016 15:00:00,-0.011103858
09/29/2016 16:00:00,-0.011103858
09/29/2016 17:00:00,-0.011103858
09/29/2016 18:00:00,-0.011103858
09/29/2016 19:00:00,-0.011103858
09/29/2016 20:00:00,-0.011103858
09/29/2016 21:00:00,-0.011103858
09/29/2016 22:00:00,-0.011103858
09/29/2016 23:00:00,-0.011103858
09/30/2016 00:00:00,-0.011103858
09/30/2016 01:00:00,-0.011103858
09/30/2016 02:00:00,-0.011103858
09/30/2016 03:00:00,-0.011103858
09/30/2016 04:00:00,-0.011103858
09/30/2016 05:00:00,-0.011103858
09/30/2016 06:00:00,-0.011103858
09/30/2016 07:00:00,-0.011103858
09/30/2016 08:00:00,-0.011103858
09/30/2016 09:00:00,-0.011103858
09/30/2016 10:00:00,-0.011103858
09/30/2016 11:00:00,-0.011103858
09/30/2016 12:00:00,-0.011103858
09/30/2016 13:00:00,-0.011103858
09/30/2016 14:00:00,-0.011103858
09/30/2016 15:00:00,-0.011103858
09/30/2016 16:00:00,-0.011103858
09/30/2016 17:00:00,-0.011103858
09/30/2016 18:00:00,-0.011103858
09/30/2016 19:00:00,-0.011103858
09/30/2016 20:00:00,-0.011103858
09/30/2016 21:00:00,-0.011103858
09/30/2016 22:00:00,-0.011103858
09/30/2016 23:00:00,-0.011103858
